user_id,city,age,gender,membership_level,registration_date,phone_number,last_login_date,user_source,remarks
1,深圳,26.0,男,普通,2023-07-30,,2026-02-23,未知,
2,深圳,18.0,男,普通,2024-04-27,,2026-02-11,未知,备注47
3,南昌,42.0,女,黄金,2023-12-29,,2026-03-19,未知,
4,南昌,20.0,女,普通,2024-05-19,,2026-02-27,直接访问,
5,南昌,23.0,男,普通,2024-03-08,,2026-03-07,自然搜索,备注93
6,南昌,24.0,女,普通,2024-10-23,,2026-02-08,未知,备注11
7,南昌,52.0,男,铂金,2023-07-25,,2026-03-15,自然搜索,
9,南昌,59.0,女,黄金,2023-10-05,,2026-02-05,广告,
10,南昌,21.0,男,普通,2024-01-29,,2026-03-16,自然搜索,
11,南昌,42.0,男,普通,2024-02-18,,2026-03-20,广告,
12,深圳,60.0,女,黄金,2023-09-08,,2026-03-02,分享链接,
13,南昌,53.0,男,普通,2023-09-18,,2026-04-03,自然搜索,
14,深圳,46.0,女,普通,2024-11-05,,2026-03-21,自然搜索,
15,深圳,65.0,男,铂金,2025-03-12,,2026-02-06,直接访问,
16,南昌,60.0,女,普通,2023-11-02,,2026-03-14,分享链接,
17,南昌,54.0,男,普通,2023-05-21,,2026-03-18,未知,
18,深圳,29.0,女,黄金,2023-08-22,,2026-02-12,广告,
19,南昌,20.0,女,黄金,2023-08-26,,2026-03-01,广告,备注16
20,深圳,53.0,女,黄金,2023-09-23,,2026-02-19,分享链接,
21,南昌,32.0,男,普通,2024-02-06,,2026-02-11,直接访问,
22,南昌,35.0,男,黄金,2023-12-15,,2026-03-20,直接访问,
24,深圳,28.0,男,普通,2024-05-22,,2026-02-28,自然搜索,
25,深圳,42.0,男,黄金,2023-06-26,,2026-02-27,分享链接,
26,南昌,46.0,女,黄金,2024-05-09,,2026-02-18,直接访问,
27,深圳,49.0,男,普通,2023-08-20,,2026-03-24,分享链接,
28,南昌,65.0,女,黄金,2024-06-01,,2026-03-19,自然搜索,备注71
29,南昌,49.0,男,普通,2025-02-13,,2026-03-31,广告,
30,南昌,42.0,女,普通,2025-02-04,,2026-03-10,直接访问,
31,南昌,63.0,女,普通,2023-08-12,,2026-02-26,未知,备注57
32,深圳,35.0,女,普通,2023-07-28,,2026-02-06,分享链接,
33,深圳,48.0,女,普通,2023-11-16,,2026-02-12,自然搜索,
34,深圳,42.0,女,黄金,2024-06-16,,2026-02-11,自然搜索,
35,南昌,63.0,女,普通,2024-11-09,,2026-02-11,未知,
36,南昌,48.0,女,普通,2023-08-30,,2026-02-27,分享链接,备注57
39,南昌,58.0,女,黄金,2023-09-25,,2026-03-12,未知,
41,深圳,26.0,女,铂金,2023-11-30,,2026-03-11,自然搜索,
42,深圳,61.0,女,铂金,2025-03-12,,2026-03-17,直接访问,
43,南昌,41.0,女,黄金,2023-11-22,,2026-02-23,分享链接,
45,南昌,29.0,男,普通,2025-03-21,,2026-03-04,广告,备注6
46,深圳,19.0,女,普通,2024-01-08,,2026-03-03,分享链接,
47,南昌,25.0,男,黄金,2024-02-23,,2026-02-17,分享链接,备注72
48,深圳,44.0,女,黄金,2024-04-11,,2026-03-09,未知,备注80
49,南昌,60.0,女,普通,2024-04-24,,2026-03-15,广告,
50,南昌,27.0,男,普通,2024-01-10,,,直接访问,备注8
51,未知,31.0,女,普通,2024-11-25,,2026-02-28,直接访问,
52,深圳,43.0,未知,黄金,2024-04-01,,2026-03-26,自然搜索,
53,南昌,40.0,男,普通,2023-06-05,,2026-04-01,直接访问,
54,深圳,40.0,女,普通,2023-06-16,,2026-03-16,未知,
55,南昌,39.0,男,普通,2024-01-13,,2026-03-01,直接访问,
56,南昌,55.0,女,黄金,2023-04-12,,2026-03-23,分享链接,备注63
57,南昌,36.0,男,普通,2023-05-30,,2026-02-21,广告,备注79
58,深圳,33.0,女,普通,2024-01-11,,2026-02-09,分享链接,
59,南昌,28.0,男,普通,2024-04-14,,2026-02-11,分享链接,
60,深圳,48.0,男,普通,2025-03-18,,2026-02-24,未知,
62,深圳,19.0,男,黄金,2024-05-01,,2026-02-14,广告,备注41
63,深圳,52.0,男,普通,2023-06-05,,2026-03-03,分享链接,备注94
64,深圳,29.0,女,普通,2024-01-26,,2026-02-17,广告,备注19
66,深圳,25.0,女,普通,2023-11-21,,2026-03-17,广告,
67,南昌,50.0,男,普通,2023-08-29,,2026-02-12,未知,
68,南昌,61.0,男,黄金,2024-11-25,,2026-03-03,分享链接,备注33
69,深圳,37.0,男,普通,2023-06-02,,2026-02-24,自然搜索,
70,深圳,37.0,女,普通,2023-11-28,,2026-03-07,自然搜索,
71,南昌,42.0,女,黄金,2023-08-24,,2026-03-21,广告,
72,未知,56.0,女,普通,2024-07-10,,2026-03-04,直接访问,
73,南昌,24.0,女,普通,2024-02-20,,2026-03-16,广告,
74,深圳,50.0,女,普通,2023-05-18,,2026-03-03,未知,
75,南昌,42.0,男,普通,2024-09-10,,2026-03-25,直接访问,备注44
76,深圳,30.0,女,普通,2024-06-15,,2026-03-11,分享链接,备注19
77,深圳,23.0,女,黄金,2024-07-03,,2026-03-10,分享链接,
79,南昌,29.0,男,普通,2024-09-28,,2026-02-23,未知,
80,南昌,47.0,男,黄金,2025-03-23,,2026-03-25,广告,
82,深圳,53.0,男,黄金,2023-10-16,,2026-02-10,未知,
83,深圳,50.0,男,普通,2023-12-20,,2026-03-02,自然搜索,备注9
84,深圳,42.0,男,铂金,2024-03-11,,2026-02-18,广告,备注97
85,未知,61.0,女,黄金,2024-06-28,,2026-03-08,未知,
86,南昌,43.0,男,黄金,2024-08-10,,2026-04-02,未知,备注95
87,深圳,21.0,女,普通,2024-03-17,,2026-03-12,广告,
88,南昌,41.0,男,普通,2025-02-25,,2026-02-17,自然搜索,
89,南昌,63.0,男,黄金,2024-04-04,,,广告,
90,未知,55.0,女,普通,2024-07-29,,2026-03-05,广告,备注70
91,南昌,22.0,男,普通,2023-04-13,,2026-04-05,自然搜索,
94,南昌,38.0,未知,普通,2025-01-18,,2026-03-22,自然搜索,
95,深圳,38.0,未知,铂金,2024-03-18,,2026-02-14,广告,
96,南昌,37.0,女,普通,2023-10-30,,2026-02-26,未知,
97,南昌,42.0,男,普通,2024-06-02,,2026-03-05,未知,
98,南昌,43.0,女,普通,2023-06-10,,2026-02-14,广告,
99,深圳,54.0,男,普通,2023-04-12,,2026-04-01,直接访问,备注62
100,深圳,41.0,男,普通,2023-07-19,,2026-02-21,直接访问,备注43
101,深圳,24.0,男,普通,2023-11-11,,2026-03-23,未知,
104,深圳,55.0,女,黄金,2024-06-06,,2026-03-10,未知,
105,南昌,52.0,男,普通,2024-01-01,,2026-02-11,直接访问,
106,南昌,32.0,女,普通,2023-11-16,,2026-02-11,广告,
107,深圳,23.0,男,普通,2024-04-12,,2026-03-02,广告,
108,深圳,50.0,男,黄金,2024-06-27,,2026-02-24,直接访问,
109,南昌,65.0,女,普通,2025-01-01,,2026-03-18,分享链接,
110,深圳,61.0,男,黄金,2024-10-27,12345678901,2026-02-20,广告,备注39
111,深圳,41.0,女,黄金,2023-04-21,,2026-04-05,自然搜索,
112,深圳,48.0,女,黄金,2024-06-04,,2026-03-23,广告,备注79
113,南昌,24.0,男,普通,2024-11-14,,2026-03-24,直接访问,
114,南昌,25.0,男,铂金,2024-11-22,,2026-04-03,自然搜索,备注51
115,深圳,43.0,男,普通,2024-10-29,,2026-02-26,自然搜索,
116,南昌,63.0,男,铂金,2024-07-15,,2026-02-28,自然搜索,
117,南昌,54.0,男,普通,2024-08-16,,2026-03-06,分享链接,
118,南昌,63.0,女,普通,2025-01-17,,2026-03-17,分享链接,
119,深圳,54.0,男,普通,2024-09-18,,2026-04-05,直接访问,备注94
120,南昌,33.0,男,普通,2024-08-12,,2026-04-02,直接访问,
121,深圳,38.0,女,黄金,2025-01-20,,2026-03-14,广告,
122,南昌,61.0,男,黄金,2024-04-07,,2026-02-13,广告,
125,南昌,63.0,女,普通,2025-03-11,,2026-03-21,分享链接,
126,南昌,32.0,女,黄金,2023-08-09,,2026-03-25,直接访问,
128,深圳,41.0,女,普通,2024-01-15,,2026-02-20,分享链接,
129,深圳,54.0,未知,铂金,2023-09-05,,2026-03-21,自然搜索,
130,南昌,42.0,女,黄金,2023-09-25,,2026-03-30,自然搜索,
131,南昌,53.0,男,铂金,2024-01-21,,2026-02-18,未知,
132,南昌,43.0,女,普通,2023-05-30,,2026-02-07,分享链接,
133,南昌,42.0,女,普通,2024-07-05,,2026-02-12,未知,
136,深圳,34.0,女,普通,2023-07-13,,2026-03-17,分享链接,
137,南昌,32.0,女,普通,2025-01-05,,2026-03-11,广告,
138,南昌,30.0,男,普通,2024-09-15,,2026-03-06,未知,
139,深圳,62.0,男,普通,2024-08-23,,2026-02-26,分享链接,
140,深圳,42.0,女,普通,2024-02-25,,2026-02-26,未知,
141,深圳,42.0,女,普通,2024-06-05,,2026-03-11,直接访问,
142,南昌,63.0,女,黄金,2023-06-03,,2026-02-09,分享链接,
143,深圳,36.0,男,黄金,2025-01-24,,2026-02-28,直接访问,
144,南昌,49.0,男,普通,2024-10-16,,,未知,
145,南昌,51.0,男,普通,2024-11-25,,2026-02-08,广告,
146,深圳,28.0,女,普通,2025-03-15,,2026-04-04,自然搜索,
148,深圳,30.0,女,普通,2023-12-01,,2026-02-11,未知,
149,南昌,22.0,男,黄金,2024-07-10,,2026-02-22,广告,
150,深圳,23.0,女,普通,2024-03-08,,2026-02-21,直接访问,
151,深圳,61.0,男,普通,2025-02-01,,2026-02-18,广告,
152,深圳,53.0,男,普通,2023-11-16,,2026-03-21,自然搜索,
155,深圳,30.0,男,普通,2024-12-01,,2026-03-06,未知,
156,南昌,26.0,女,普通,2024-07-26,,2026-02-05,未知,
157,深圳,61.0,男,黄金,2024-04-11,,2026-02-22,自然搜索,
158,南昌,61.0,男,普通,2023-12-30,,2026-02-14,分享链接,备注7
159,未知,57.0,女,铂金,2023-08-13,,2026-03-09,分享链接,
161,南昌,31.0,女,普通,2023-09-10,,2026-02-14,自然搜索,
164,深圳,24.0,女,普通,2023-05-31,,2026-03-22,广告,
165,深圳,27.0,女,普通,2025-02-23,,2026-03-02,未知,备注40
166,深圳,59.0,男,普通,2024-10-03,,2026-03-05,分享链接,
167,南昌,57.0,男,普通,2023-08-17,,2026-03-28,分享链接,备注60
168,深圳,24.0,男,黄金,2024-07-11,,2026-03-01,分享链接,
169,深圳,27.0,男,普通,2023-11-10,,2026-02-28,广告,
170,深圳,42.0,男,普通,2024-09-07,,2026-02-28,广告,
171,南昌,42.0,男,普通,2023-11-30,,2026-03-22,自然搜索,
172,南昌,41.0,男,普通,2023-05-16,,2026-04-03,未知,
173,南昌,43.0,男,黄金,2024-08-28,,2026-03-20,广告,
174,深圳,22.0,女,普通,2023-05-07,,2026-03-28,未知,
175,未知,61.0,女,普通,2023-11-30,,2026-03-02,直接访问,
176,未知,18.0,男,普通,2024-02-13,,2026-03-11,广告,
177,深圳,53.0,女,普通,2024-11-16,,2026-02-21,自然搜索,
178,南昌,27.0,女,普通,2024-03-09,,2026-02-05,未知,
179,未知,51.0,男,普通,2025-01-08,,2026-02-11,未知,备注45
180,深圳,30.0,女,普通,2025-01-22,,2026-02-16,分享链接,备注59
181,南昌,34.0,男,普通,2023-10-26,,2026-03-23,未知,
182,南昌,30.0,男,普通,2023-07-13,,2026-02-07,未知,备注63
183,深圳,54.0,女,普通,2023-05-05,,2026-02-25,分享链接,
184,深圳,57.0,男,普通,2024-02-21,,2026-02-17,广告,
185,未知,26.0,女,普通,2024-02-24,,2026-02-13,分享链接,
186,深圳,56.0,男,普通,2024-01-05,,2026-03-15,广告,
187,深圳,43.0,女,铂金,2024-01-01,,2026-02-08,直接访问,
188,未知,23.0,男,铂金,2024-06-20,,2026-03-28,未知,
189,深圳,58.0,女,普通,2024-02-09,,2026-02-15,直接访问,
190,南昌,30.0,女,普通,2024-03-15,,2026-03-25,广告,
192,南昌,27.0,女,普通,2024-03-12,,2026-03-23,直接访问,
193,深圳,64.0,男,黄金,2023-05-25,,,自然搜索,
194,南昌,23.0,女,黄金,2023-07-06,,2026-04-04,直接访问,
195,南昌,46.0,女,普通,2024-06-29,,2026-04-05,未知,
196,南昌,41.0,男,普通,2024-09-24,,2026-04-03,广告,
197,未知,30.0,女,普通,2024-03-27,,2026-04-02,未知,
198,未知,42.0,男,普通,2024-09-24,,2026-03-26,广告,
199,南昌,56.0,女,普通,2024-02-09,,2026-03-08,直接访问,备注1
200,深圳,51.0,女,普通,2023-05-01,,2026-03-13,未知,
201,深圳,43.0,男,黄金,2023-05-01,,2026-03-09,直接访问,备注16
202,南昌,56.0,女,普通,2023-09-06,,2026-02-14,直接访问,
203,深圳,21.0,女,普通,2024-11-19,,2026-03-16,未知,
204,深圳,30.0,男,普通,2024-01-10,,2026-02-09,分享链接,
205,南昌,48.0,未知,普通,2024-07-16,,2026-02-20,未知,
206,南昌,42.0,女,普通,2024-08-13,,2026-03-01,自然搜索,
207,深圳,43.0,男,普通,2023-11-10,,2026-03-12,未知,备注79
208,南昌,54.0,女,普通,2024-11-16,,2026-03-02,自然搜索,
209,南昌,38.0,女,普通,2023-06-24,,2026-03-22,未知,
210,深圳,42.0,男,黄金,2024-03-06,,2026-02-05,直接访问,备注63
211,深圳,45.0,男,黄金,2023-08-30,,2026-02-17,自然搜索,
212,南昌,46.0,女,普通,2025-02-10,,2026-03-08,自然搜索,
213,南昌,23.0,男,普通,2024-03-31,,2026-02-22,广告,
214,南昌,37.0,女,普通,2025-04-03,,2026-03-07,直接访问,
215,南昌,53.0,男,普通,2025-02-28,,2026-03-31,自然搜索,
216,南昌,57.0,男,黄金,2024-06-04,,2026-03-10,未知,
217,南昌,64.0,男,黄金,2024-06-16,,2026-03-05,直接访问,备注79
218,深圳,18.0,女,普通,2024-02-07,,2026-02-15,自然搜索,
219,深圳,57.0,男,黄金,2023-12-08,,2026-02-21,分享链接,
220,未知,39.0,女,普通,2024-04-24,,2026-03-19,直接访问,
222,南昌,20.0,男,普通,2025-01-07,,2026-03-02,分享链接,
223,深圳,35.0,男,普通,2023-04-16,,2026-02-21,自然搜索,
224,深圳,63.0,女,普通,2023-05-21,,2026-03-22,广告,备注79
225,深圳,62.0,女,黄金,2023-12-07,,2026-02-14,自然搜索,
226,深圳,43.0,男,普通,2024-04-23,,2026-02-26,直接访问,
227,深圳,43.0,男,普通,2023-06-16,,2026-03-08,广告,
228,深圳,61.0,女,铂金,2023-07-20,,2026-02-09,自然搜索,
229,深圳,63.0,女,普通,2023-09-16,,2026-03-05,直接访问,备注18
230,深圳,62.0,女,普通,2024-03-09,,2026-04-03,未知,
231,深圳,23.0,女,普通,2023-12-10,,2026-03-04,直接访问,
232,深圳,36.0,男,普通,2024-07-14,,2026-02-10,分享链接,
233,深圳,18.0,男,黄金,2024-10-09,,2026-03-10,直接访问,
234,南昌,64.0,男,黄金,2024-02-23,,,直接访问,
235,南昌,52.0,女,黄金,2024-12-27,,2026-02-11,自然搜索,
236,南昌,40.0,女,普通,2023-08-07,,2026-03-20,分享链接,
237,深圳,35.0,女,黄金,2024-03-05,,2026-03-30,广告,
238,南昌,63.0,男,普通,2023-11-14,,2026-02-15,直接访问,
239,南昌,18.0,女,普通,2024-05-31,,2026-03-12,广告,
240,南昌,40.0,女,普通,2023-08-08,,2026-02-18,自然搜索,
241,深圳,52.0,男,普通,2023-12-11,,2026-04-01,自然搜索,
242,南昌,42.0,女,铂金,2023-05-07,,2026-03-26,分享链接,
244,深圳,23.0,女,普通,2023-10-12,,2026-02-21,直接访问,
245,南昌,42.0,男,普通,2025-02-21,,2026-03-16,直接访问,
246,深圳,25.0,男,普通,2025-01-21,,2026-03-24,分享链接,备注26
247,南昌,21.0,男,普通,2024-06-08,,2026-03-23,未知,
248,南昌,65.0,男,普通,2024-11-05,,2026-02-20,自然搜索,
250,深圳,36.0,女,黄金,2023-05-06,,,分享链接,
251,南昌,31.0,女,普通,2023-08-21,,2026-03-08,直接访问,
252,深圳,61.0,女,普通,2025-01-29,,2026-03-05,广告,备注67
254,深圳,60.0,女,普通,2024-07-14,,2026-03-25,广告,
255,深圳,46.0,男,黄金,2024-11-06,,2026-02-17,未知,备注43
256,深圳,36.0,男,黄金,2024-12-12,,2026-04-02,未知,
257,南昌,35.0,男,普通,2023-10-30,,2026-03-18,分享链接,
258,南昌,46.0,女,普通,2024-01-28,,2026-02-27,直接访问,
259,深圳,53.0,男,黄金,2024-06-01,,2026-02-07,分享链接,
261,深圳,40.0,女,铂金,2024-10-01,,2026-03-27,自然搜索,
262,深圳,28.0,男,黄金,2023-05-01,,2026-02-20,分享链接,
263,深圳,37.0,未知,普通,2024-08-17,,,未知,
264,深圳,42.0,男,黄金,2024-09-14,,2026-04-01,自然搜索,备注98
265,未知,30.0,男,普通,2024-08-30,,2026-03-22,直接访问,
266,南昌,51.0,女,普通,2024-12-09,,2026-02-13,直接访问,备注48
267,深圳,43.0,男,普通,2024-10-16,,2026-02-16,直接访问,
268,深圳,50.0,女,普通,2024-11-20,,2026-02-11,自然搜索,
269,未知,56.0,男,黄金,2023-10-22,,,自然搜索,备注16
270,深圳,46.0,男,黄金,2024-10-20,,2026-02-10,广告,
271,深圳,42.0,女,普通,2024-11-26,,2026-02-22,广告,
272,南昌,22.0,男,普通,2024-01-30,,2026-02-13,直接访问,
273,深圳,60.0,女,普通,2025-01-19,,2026-03-15,分享链接,
274,深圳,40.0,女,普通,2024-02-07,,2026-02-24,未知,备注99
275,南昌,41.0,男,黄金,2024-05-15,,2026-03-27,广告,
276,深圳,53.0,女,普通,2024-07-16,,2026-02-07,直接访问,备注86
277,南昌,64.0,男,黄金,2023-08-21,,2026-02-17,广告,备注28
278,南昌,35.0,女,普通,2024-12-12,,,自然搜索,
279,南昌,42.0,女,黄金,2024-01-09,,2026-02-15,直接访问,
280,南昌,49.0,女,普通,2024-12-25,,2026-03-25,直接访问,
281,深圳,37.0,男,普通,2023-06-12,,2026-03-24,自然搜索,
282,深圳,54.0,男,黄金,2023-12-20,,2026-02-28,自然搜索,
283,深圳,49.0,男,黄金,2023-11-17,,2026-03-20,广告,
284,深圳,59.0,男,黄金,2024-09-01,,2026-03-14,未知,备注77
286,深圳,45.0,女,黄金,2024-10-20,,,分享链接,
287,南昌,49.0,女,普通,2024-11-06,,2026-04-05,未知,
288,南昌,49.0,女,普通,2024-12-19,,2026-03-16,未知,
289,深圳,21.0,女,普通,2024-02-23,,2026-02-26,广告,
290,深圳,49.0,女,普通,2024-03-25,,2026-03-03,自然搜索,
291,深圳,26.0,女,普通,2025-01-18,,2026-03-04,自然搜索,
292,南昌,43.0,女,普通,2023-05-21,,,直接访问,
293,深圳,43.0,女,黄金,2023-05-01,,2026-03-27,广告,
294,南昌,47.0,女,普通,2024-01-07,,,直接访问,备注64
296,南昌,61.0,女,普通,2023-05-18,,2026-03-05,自然搜索,
297,深圳,31.0,男,普通,2023-11-08,,2026-03-09,自然搜索,
298,南昌,39.0,男,普通,2023-10-27,,2026-03-26,自然搜索,备注47
299,深圳,50.0,男,普通,2024-09-12,,2026-02-16,直接访问,
300,南昌,51.0,男,普通,2023-10-26,,2026-03-26,直接访问,
301,南昌,21.0,女,黄金,2024-05-20,,2026-02-25,广告,
302,南昌,57.0,女,黄金,2024-09-16,,2026-03-03,分享链接,
303,南昌,52.0,男,普通,2025-02-04,,2026-03-21,未知,
304,南昌,36.0,男,普通,2023-08-19,,2026-03-08,自然搜索,
305,深圳,55.0,女,黄金,2024-02-05,,,广告,备注48
306,南昌,44.0,女,普通,2024-03-19,,2026-03-05,自然搜索,
307,南昌,54.0,女,黄金,2023-07-26,,2026-02-07,直接访问,
308,未知,46.0,男,黄金,2023-04-13,,2026-03-06,未知,备注16
309,南昌,35.0,男,黄金,2023-10-08,,2026-03-31,自然搜索,备注70
310,南昌,23.0,女,普通,2023-04-07,,2026-03-16,广告,
311,深圳,25.0,男,普通,2024-03-08,,2026-02-27,自然搜索,
312,南昌,44.0,男,普通,2024-07-29,,2026-02-06,直接访问,
313,深圳,58.0,女,普通,2024-06-03,,2026-02-16,直接访问,
316,南昌,58.0,女,普通,2023-09-05,,2026-03-19,广告,备注3
317,深圳,47.0,未知,黄金,2024-05-11,,2026-03-10,未知,
318,未知,23.0,男,普通,2024-07-25,,2026-03-21,分享链接,备注43
319,南昌,56.0,男,普通,2025-03-03,,2026-04-02,未知,
320,深圳,44.0,男,普通,2024-12-24,,2026-04-01,未知,
321,南昌,34.0,女,普通,2025-02-04,,2026-03-13,自然搜索,
322,南昌,42.0,男,普通,2025-01-26,,2026-03-30,直接访问,备注6
323,南昌,62.0,男,黄金,2024-03-18,,2026-02-24,未知,备注47
325,深圳,22.0,男,普通,2023-08-02,,2026-02-14,分享链接,备注66
326,深圳,23.0,男,普通,2024-03-19,,2026-03-23,广告,备注58
327,深圳,45.0,男,普通,2025-01-10,,2026-03-13,直接访问,
328,南昌,34.0,女,普通,2025-01-16,,2026-02-17,分享链接,
329,南昌,63.0,女,普通,2024-02-18,,2026-02-27,未知,
330,深圳,23.0,男,铂金,2023-09-13,,2026-02-09,广告,
331,深圳,40.0,女,黄金,2024-06-04,,2026-03-27,分享链接,
332,深圳,31.0,男,普通,2023-12-31,,2026-03-12,分享链接,
333,南昌,41.0,男,铂金,2024-11-25,,2026-03-17,未知,
334,深圳,18.0,女,普通,2023-10-16,,2026-02-12,广告,
335,深圳,60.0,男,铂金,2024-06-30,,2026-02-15,分享链接,
336,南昌,47.0,未知,黄金,2024-02-23,,2026-03-21,直接访问,
337,南昌,19.0,男,普通,2025-03-26,,2026-03-17,直接访问,
339,深圳,25.0,男,普通,2024-03-04,,2026-03-30,未知,
340,南昌,24.0,女,铂金,2023-06-26,,2026-03-22,未知,
342,深圳,31.0,男,黄金,2023-10-21,,2026-03-01,广告,
343,深圳,64.0,女,普通,2023-06-26,,2026-03-09,广告,备注62
344,未知,23.0,女,普通,2023-12-19,,,未知,
345,深圳,43.0,女,普通,2025-02-26,,2026-02-23,直接访问,备注95
346,深圳,42.0,男,黄金,2023-05-10,,2026-02-08,直接访问,
347,深圳,52.0,女,黄金,2025-01-05,,,自然搜索,
348,深圳,64.0,男,黄金,2024-12-15,,2026-03-26,自然搜索,
350,深圳,61.0,女,铂金,2025-02-07,,2026-02-20,广告,
351,深圳,60.0,女,普通,2024-05-08,,2026-02-19,广告,备注74
352,南昌,23.0,女,普通,2024-08-03,,2026-02-22,直接访问,备注86
353,南昌,58.0,男,普通,2023-07-31,,2026-03-15,未知,备注96
354,深圳,38.0,男,普通,2024-01-29,,2026-03-16,广告,备注38
355,深圳,27.0,男,黄金,2024-05-14,,2026-02-19,广告,备注29
356,南昌,29.0,女,黄金,2025-03-15,,2026-03-01,直接访问,
357,南昌,63.0,男,普通,2024-09-04,,2026-03-06,广告,备注16
358,深圳,27.0,女,普通,2023-08-05,,2026-03-05,未知,
359,深圳,65.0,男,铂金,2024-11-29,,2026-02-11,未知,
360,南昌,31.0,男,普通,2024-05-20,,2026-03-02,广告,
361,南昌,20.0,女,普通,2023-10-19,,2026-02-11,广告,备注78
362,深圳,64.0,男,普通,2023-12-26,,2026-03-10,广告,
364,深圳,40.0,女,黄金,2024-03-04,,2026-02-19,广告,
365,深圳,42.0,女,普通,2024-10-01,,2026-03-16,自然搜索,
366,南昌,28.0,男,普通,2024-01-28,,2026-02-17,自然搜索,
367,深圳,65.0,男,铂金,2023-10-18,,2026-03-15,广告,备注99
368,深圳,36.0,男,普通,2023-06-18,,2026-03-30,自然搜索,
369,深圳,24.0,男,普通,2023-11-24,,2026-03-20,广告,
370,深圳,29.0,女,普通,2024-04-09,,2026-03-18,自然搜索,
371,深圳,28.0,女,铂金,2023-11-16,,2026-04-05,广告,
372,深圳,65.0,未知,普通,2023-07-14,,2026-03-24,未知,
373,南昌,20.0,男,普通,2025-02-13,,2026-03-19,分享链接,
374,深圳,21.0,男,普通,2023-12-10,,2026-02-15,广告,
375,深圳,55.0,女,普通,2024-12-19,,2026-02-18,直接访问,备注26
376,南昌,42.0,女,黄金,2024-04-16,,2026-02-20,广告,
377,南昌,62.0,女,普通,2024-01-14,,2026-02-20,自然搜索,备注66
378,深圳,32.0,女,普通,2025-02-25,,2026-03-13,分享链接,
379,深圳,44.0,女,普通,2024-08-25,,2026-03-22,分享链接,
380,深圳,32.0,女,铂金,2024-09-29,,2026-03-27,自然搜索,
382,深圳,46.0,女,普通,2023-07-04,,2026-03-18,自然搜索,
384,南昌,51.0,男,普通,2024-06-17,,2026-02-18,直接访问,备注15
385,深圳,38.0,男,普通,2024-02-08,,2026-03-22,直接访问,
386,南昌,33.0,男,普通,2024-12-15,,2026-02-10,广告,
387,深圳,32.0,男,黄金,2023-04-25,,2026-03-21,自然搜索,
388,深圳,29.0,男,黄金,2024-04-26,,,直接访问,
389,深圳,50.0,男,普通,2024-11-29,,2026-03-11,直接访问,
391,深圳,42.0,女,普通,2023-11-11,,,直接访问,
392,南昌,27.0,男,普通,2023-05-10,,2026-02-10,直接访问,
394,深圳,48.0,女,普通,2025-02-25,,2026-03-04,直接访问,
395,南昌,59.0,男,普通,2024-03-18,,2026-03-25,自然搜索,备注51
396,南昌,22.0,女,黄金,2023-09-26,,2026-03-23,自然搜索,
397,未知,45.0,男,普通,2023-04-08,,2026-03-10,直接访问,
398,南昌,45.0,女,普通,2023-05-24,,2026-02-18,自然搜索,备注17
399,南昌,42.0,男,普通,2024-04-15,,2026-02-23,直接访问,
400,深圳,39.0,男,普通,2024-01-16,,2026-03-30,直接访问,
401,南昌,50.0,男,黄金,2023-09-20,,2026-02-08,分享链接,
403,深圳,29.0,女,普通,2023-11-07,,,未知,
404,南昌,19.0,男,黄金,2023-06-08,,2026-03-29,直接访问,备注16
405,深圳,29.0,女,铂金,2025-03-15,,,广告,
407,南昌,48.0,男,普通,2023-11-16,,2026-02-14,广告,备注63
408,深圳,65.0,女,黄金,2024-03-20,,2026-04-04,自然搜索,
409,南昌,22.0,女,黄金,2025-03-26,,2026-03-01,分享链接,
410,南昌,59.0,女,普通,2023-11-13,,2026-03-29,自然搜索,
411,深圳,19.0,男,普通,2023-10-08,,2026-03-30,直接访问,
412,深圳,53.0,女,普通,2023-06-20,,2026-02-18,直接访问,
413,深圳,52.0,男,黄金,2025-01-20,,2026-02-16,未知,备注53
414,南昌,33.0,女,普通,2024-07-10,,2026-03-07,直接访问,
415,南昌,51.0,女,普通,2023-11-07,,2026-03-26,分享链接,备注74
417,南昌,64.0,男,普通,2023-11-18,,2026-03-30,分享链接,
418,深圳,24.0,女,普通,2023-04-15,,2026-03-15,直接访问,
419,未知,39.0,未知,黄金,2025-03-28,,2026-03-03,未知,
420,南昌,65.0,女,铂金,2024-03-29,,2026-02-10,广告,
421,深圳,42.0,女,黄金,2023-06-22,,2026-03-19,分享链接,
422,深圳,25.0,女,黄金,2025-03-29,,2026-03-18,自然搜索,
423,南昌,42.0,女,黄金,2024-06-20,,2026-04-03,直接访问,备注32
424,深圳,24.0,女,普通,2023-08-23,,2026-03-07,未知,
425,深圳,51.0,女,黄金,2023-12-16,,2026-03-28,未知,
426,深圳,42.0,男,普通,2023-12-22,,2026-02-27,未知,
427,南昌,53.0,女,黄金,2023-07-03,,2026-03-21,广告,
428,未知,43.0,男,普通,2023-09-25,,2026-02-20,未知,
429,深圳,55.0,女,黄金,2024-01-27,,2026-03-14,广告,
432,南昌,22.0,女,黄金,2023-04-22,,2026-03-26,直接访问,备注25
433,南昌,60.0,男,黄金,2023-09-25,,2026-03-01,广告,备注57
434,深圳,54.0,女,普通,2025-03-14,,2026-03-03,未知,
435,南昌,25.0,女,普通,2025-02-05,,2026-03-10,未知,
436,深圳,35.0,男,普通,2024-01-21,,2026-04-02,直接访问,
437,深圳,53.0,女,黄金,2024-04-20,,2026-03-21,自然搜索,
438,南昌,38.0,男,普通,2023-06-04,,2026-03-21,未知,备注41
439,南昌,42.0,女,普通,2024-08-13,,2026-03-19,分享链接,
440,南昌,42.0,女,黄金,2024-09-08,,2026-02-27,广告,
441,深圳,64.0,男,普通,2024-06-16,,2026-04-05,分享链接,
442,南昌,52.0,女,普通,2024-07-24,,,自然搜索,
443,深圳,53.0,男,普通,2025-01-31,,2026-02-23,自然搜索,
444,深圳,20.0,男,普通,2024-07-17,,2026-02-10,分享链接,
445,未知,24.0,女,普通,2023-05-10,,2026-03-18,未知,
446,深圳,55.0,未知,黄金,2023-11-03,,2026-02-28,未知,
447,南昌,51.0,女,普通,2023-08-26,,2026-03-01,未知,
448,深圳,46.0,男,黄金,2024-02-14,,2026-02-28,直接访问,
449,南昌,18.0,女,普通,2024-11-28,,2026-03-01,广告,
450,深圳,57.0,男,铂金,2023-07-01,,2026-02-21,直接访问,
451,深圳,24.0,女,普通,2024-01-26,,2026-03-14,分享链接,
452,深圳,28.0,女,黄金,2024-11-13,,2026-04-04,分享链接,
453,深圳,51.0,女,普通,2024-01-07,,2026-03-19,直接访问,
454,南昌,38.0,男,铂金,2023-09-13,,2026-02-12,广告,
455,南昌,23.0,男,普通,2023-04-10,,2026-02-08,分享链接,
456,深圳,52.0,男,铂金,2024-02-02,,2026-03-06,直接访问,
457,南昌,50.0,女,普通,2024-05-16,,2026-03-22,未知,备注69
458,南昌,57.0,男,普通,2025-01-04,,2026-03-11,广告,
460,深圳,22.0,女,普通,2024-03-02,,2026-02-23,未知,
461,南昌,44.0,女,黄金,2023-11-15,,2026-02-28,自然搜索,
462,南昌,28.0,女,普通,2023-10-19,,2026-02-26,直接访问,备注35
463,深圳,38.0,男,黄金,2025-01-13,,2026-03-29,自然搜索,备注64
464,深圳,53.0,男,普通,2023-05-15,,2026-03-20,直接访问,
465,南昌,63.0,男,普通,2025-04-01,,2026-03-14,未知,备注45
466,南昌,45.0,女,黄金,2023-06-20,,2026-02-15,直接访问,
467,深圳,65.0,女,普通,2023-07-17,,2026-03-04,自然搜索,
468,深圳,40.0,女,黄金,2023-06-28,,2026-02-09,分享链接,备注99
470,深圳,21.0,男,铂金,2023-11-21,,2026-02-11,自然搜索,
471,南昌,52.0,男,黄金,2024-05-17,,2026-03-19,自然搜索,
472,未知,62.0,男,黄金,2023-09-10,,2026-02-24,自然搜索,
473,南昌,47.0,男,黄金,2024-11-22,,2026-03-25,分享链接,
474,南昌,55.0,女,黄金,2023-08-16,,2026-03-23,分享链接,
475,南昌,58.0,男,普通,2025-03-03,,2026-03-07,未知,
476,未知,47.0,女,普通,2023-07-31,,2026-03-26,未知,
477,南昌,54.0,男,黄金,2024-11-13,,2026-03-23,直接访问,
479,南昌,56.0,男,普通,2024-02-24,,2026-03-09,广告,
480,深圳,42.0,女,普通,2025-01-12,,,直接访问,
481,深圳,58.0,女,黄金,2024-03-29,,2026-02-25,直接访问,
482,南昌,49.0,男,黄金,2024-06-07,,2026-03-14,直接访问,
483,南昌,40.0,女,普通,2023-06-28,,2026-03-27,未知,备注82
484,南昌,64.0,女,普通,2023-06-08,,2026-03-21,自然搜索,
485,深圳,62.0,女,普通,2024-06-19,,2026-02-19,分享链接,
486,深圳,58.0,女,普通,2024-01-07,,2026-03-01,分享链接,
487,深圳,38.0,女,普通,2024-02-06,,2026-03-05,广告,
488,深圳,25.0,男,普通,2024-02-21,,2026-03-22,直接访问,
489,深圳,29.0,男,普通,2024-12-27,,2026-02-26,未知,
491,南昌,46.0,男,普通,2024-05-02,,2026-03-20,未知,
493,深圳,24.0,男,黄金,2024-04-21,,2026-03-22,分享链接,
494,深圳,28.0,女,普通,2023-04-26,,,分享链接,
495,深圳,28.0,男,普通,2023-11-27,,2026-03-19,未知,
496,南昌,47.0,男,黄金,2024-08-16,,2026-02-13,自然搜索,
497,南昌,65.0,男,黄金,2024-07-08,,2026-03-06,直接访问,
498,南昌,58.0,女,普通,2024-08-29,,2026-03-10,未知,
499,深圳,50.0,女,普通,2023-11-08,,2026-03-09,分享链接,
500,深圳,52.0,男,黄金,2024-05-14,,2026-02-10,广告,
501,深圳,44.0,女,普通,2024-03-23,,2026-03-10,分享链接,
502,深圳,19.0,男,黄金,2024-05-12,,2026-03-16,直接访问,备注76
503,南昌,42.0,女,铂金,2025-02-08,,2026-02-27,分享链接,
504,深圳,54.0,女,黄金,2025-01-27,,2026-03-24,分享链接,
505,南昌,59.0,女,黄金,2023-10-30,,2026-03-01,自然搜索,
506,南昌,47.0,男,黄金,2023-12-31,,2026-03-18,自然搜索,
507,南昌,45.0,男,黄金,2024-09-13,,2026-02-10,自然搜索,
508,南昌,38.0,男,普通,2024-08-27,12345678901,2026-03-12,自然搜索,
509,南昌,46.0,男,普通,2024-10-09,,2026-03-31,未知,
510,南昌,19.0,未知,普通,2024-05-24,,2026-03-21,广告,
511,南昌,48.0,男,普通,2023-07-14,,2026-03-11,分享链接,备注34
512,南昌,39.0,未知,黄金,2023-10-02,,2026-03-06,直接访问,备注69
513,南昌,48.0,女,黄金,2024-12-29,,2026-02-19,直接访问,
514,南昌,29.0,女,铂金,2023-08-24,,2026-03-25,自然搜索,
515,未知,28.0,男,普通,2023-08-24,,2026-03-25,分享链接,
516,深圳,60.0,女,普通,2023-09-28,,2026-03-31,未知,
517,南昌,61.0,男,黄金,2023-09-08,,2026-02-24,未知,
518,南昌,57.0,男,铂金,2023-10-20,,2026-02-25,未知,备注8
519,南昌,28.0,男,普通,2024-07-26,,2026-04-05,自然搜索,
520,深圳,46.0,男,黄金,2024-04-22,,2026-03-30,自然搜索,备注78
521,深圳,60.0,女,黄金,2024-06-28,,2026-02-27,直接访问,
522,深圳,54.0,女,普通,2023-06-18,,2026-02-28,未知,
523,深圳,19.0,男,普通,2025-03-08,,2026-02-24,分享链接,
524,深圳,40.0,男,黄金,2024-08-16,,2026-03-05,分享链接,
525,深圳,28.0,男,普通,2024-06-07,,2026-03-02,分享链接,
526,南昌,65.0,女,铂金,2025-02-24,,,广告,备注79
527,深圳,53.0,男,黄金,2024-03-06,,2026-03-28,分享链接,备注90
528,南昌,50.0,女,黄金,2023-04-19,,2026-03-26,自然搜索,
529,南昌,48.0,男,普通,2024-06-28,,2026-02-21,分享链接,
530,深圳,52.0,女,铂金,2023-08-14,,,直接访问,
531,南昌,54.0,女,普通,2024-10-01,,2026-02-23,自然搜索,
533,南昌,57.0,男,普通,2024-03-19,,2026-03-17,分享链接,
534,南昌,49.0,男,铂金,2023-09-23,,2026-04-03,分享链接,
535,深圳,60.0,男,普通,2023-09-08,,2026-03-12,自然搜索,
536,深圳,57.0,女,黄金,2023-10-14,,,分享链接,
537,南昌,61.0,男,黄金,2023-12-25,,2026-03-23,自然搜索,备注1
538,深圳,42.0,女,普通,2023-07-10,,2026-02-07,广告,备注63
539,南昌,43.0,女,黄金,2024-10-26,,2026-03-20,自然搜索,
540,南昌,53.0,男,铂金,2024-08-15,,2026-03-31,自然搜索,
541,深圳,46.0,男,普通,2024-05-16,,,广告,
542,南昌,30.0,男,普通,2024-09-30,,2026-03-01,分享链接,
544,南昌,20.0,男,普通,2024-06-21,,2026-03-13,广告,
545,南昌,42.0,男,普通,2023-12-23,,2026-03-08,直接访问,
546,深圳,51.0,男,普通,2023-07-13,,2026-03-17,未知,
547,深圳,28.0,女,普通,2023-05-24,,2026-02-17,广告,
548,南昌,22.0,男,黄金,2024-04-06,,2026-03-18,分享链接,
549,南昌,25.0,女,普通,2023-05-01,,2026-04-04,未知,
550,深圳,29.0,男,铂金,2025-01-09,,2026-02-13,直接访问,
553,深圳,25.0,未知,黄金,2025-01-30,,2026-02-09,直接访问,
554,南昌,21.0,男,铂金,2025-01-03,,2026-03-22,广告,
555,深圳,30.0,男,普通,2023-05-15,,2026-03-24,自然搜索,
556,南昌,32.0,女,普通,2024-04-18,,2026-02-12,直接访问,
558,深圳,43.0,女,普通,2025-03-12,,2026-04-04,直接访问,
560,未知,28.0,女,普通,2024-06-22,,2026-03-16,广告,备注41
561,深圳,53.0,女,铂金,2023-08-29,,2026-03-12,广告,
562,深圳,64.0,女,普通,2024-03-30,,2026-03-05,分享链接,
563,南昌,56.0,女,黄金,2024-06-21,,2026-03-07,广告,
564,南昌,38.0,女,普通,2023-08-15,,,直接访问,
565,深圳,20.0,女,普通,2023-04-07,,2026-03-10,分享链接,
566,南昌,59.0,男,普通,2024-07-13,,2026-02-09,广告,
568,深圳,30.0,女,普通,2024-06-18,,2026-02-28,分享链接,备注87
569,深圳,21.0,男,黄金,2024-05-24,,2026-02-09,分享链接,
570,深圳,47.0,男,普通,2023-05-24,,2026-02-18,未知,备注13
572,南昌,48.0,男,普通,2024-01-20,,2026-02-09,广告,
573,南昌,20.0,女,黄金,2025-02-17,,2026-02-24,分享链接,
574,深圳,40.0,男,黄金,2024-04-03,,2026-02-09,广告,
575,南昌,54.0,男,普通,2023-11-10,,2026-02-13,分享链接,
576,深圳,40.0,男,黄金,2024-09-26,,2026-03-30,广告,
577,未知,29.0,男,普通,2024-04-05,,2026-03-13,广告,
578,深圳,55.0,女,普通,2023-12-09,,2026-02-16,自然搜索,
579,南昌,63.0,男,黄金,2025-03-02,,2026-03-08,自然搜索,
580,深圳,52.0,男,普通,2023-12-31,,2026-03-12,广告,
581,未知,39.0,女,普通,2024-12-24,,2026-03-30,直接访问,
582,深圳,42.0,女,普通,2024-11-17,,2026-02-22,广告,
584,南昌,26.0,男,普通,2023-09-05,,,分享链接,
585,南昌,26.0,女,黄金,2024-06-16,,2026-03-07,分享链接,
586,深圳,48.0,女,黄金,2023-05-09,,2026-03-20,分享链接,备注37
587,南昌,38.0,男,普通,2024-02-10,,2026-03-07,未知,
588,深圳,31.0,女,黄金,2023-11-28,,2026-03-11,自然搜索,
589,深圳,47.0,女,普通,2023-07-03,,,自然搜索,
591,深圳,28.0,女,黄金,2023-07-18,,2026-02-06,广告,
592,未知,45.0,女,普通,2024-01-08,,2026-04-04,直接访问,
593,深圳,41.0,男,黄金,2024-09-06,,2026-04-01,直接访问,
594,未知,41.0,女,普通,2024-04-15,,2026-03-12,分享链接,
595,南昌,62.0,女,铂金,2024-01-16,,2026-02-14,广告,
596,深圳,33.0,未知,黄金,2024-07-05,,2026-03-26,分享链接,
597,未知,21.0,男,普通,2023-07-23,,2026-03-12,广告,
598,深圳,43.0,女,普通,2023-07-26,,2026-03-13,分享链接,
599,深圳,41.0,未知,黄金,2024-11-07,,2026-03-07,直接访问,
600,南昌,21.0,男,铂金,2023-12-17,,2026-02-09,直接访问,
601,深圳,28.0,未知,黄金,2023-11-02,,2026-02-13,未知,
602,深圳,50.0,未知,黄金,2024-10-31,,2026-04-03,自然搜索,
603,南昌,30.0,男,普通,2025-01-29,12345678901,2026-03-22,直接访问,备注22
604,深圳,60.0,女,铂金,2024-07-16,,2026-04-04,直接访问,
605,深圳,64.0,男,普通,2024-11-06,,2026-03-15,分享链接,
606,深圳,60.0,女,普通,2024-02-07,,2026-03-21,直接访问,备注63
607,深圳,43.0,男,黄金,2024-05-07,,2026-04-05,直接访问,
608,深圳,62.0,男,普通,2025-02-26,,2026-02-11,未知,
609,南昌,42.0,女,黄金,2024-08-20,,2026-02-20,直接访问,备注46
610,深圳,63.0,女,普通,2024-05-07,,2026-02-18,自然搜索,
611,深圳,63.0,女,黄金,2023-08-14,,,分享链接,
612,深圳,43.0,女,黄金,2023-06-02,,,广告,
613,深圳,64.0,男,黄金,2024-03-21,,2026-02-27,未知,备注26
614,南昌,64.0,女,黄金,2024-02-14,,2026-03-17,自然搜索,备注86
617,深圳,36.0,女,普通,2024-06-15,,2026-03-08,分享链接,
618,深圳,48.0,女,普通,2024-09-25,,2026-02-05,分享链接,
619,深圳,50.0,女,普通,2023-04-23,,2026-04-05,未知,
620,深圳,44.0,男,黄金,2023-08-07,,2026-02-24,分享链接,
621,深圳,24.0,女,铂金,2024-11-01,,2026-03-16,广告,
622,南昌,24.0,女,普通,2025-01-16,,2026-03-11,自然搜索,
623,南昌,35.0,男,普通,2024-12-18,,2026-03-26,广告,
624,南昌,19.0,男,铂金,2024-02-14,,2026-03-19,未知,
625,南昌,33.0,男,普通,2024-11-18,,2026-03-29,直接访问,
626,南昌,59.0,男,普通,2025-01-23,,2026-03-08,广告,
627,南昌,38.0,女,黄金,2023-06-26,,2026-04-02,自然搜索,
628,南昌,36.0,女,黄金,2025-01-30,,2026-02-07,广告,
629,深圳,53.0,男,黄金,2024-07-02,,2026-02-22,未知,备注74
630,南昌,51.0,未知,普通,2023-09-03,,2026-03-14,自然搜索,
631,南昌,39.0,男,普通,2023-05-01,,2026-03-01,直接访问,
632,南昌,24.0,未知,普通,2023-08-13,,,分享链接,
633,南昌,49.0,男,黄金,2024-08-15,,2026-03-24,广告,备注30
634,南昌,31.0,女,黄金,2024-12-07,,2026-03-02,广告,
635,南昌,28.0,男,普通,2023-04-07,,2026-03-08,直接访问,
636,深圳,34.0,男,普通,2025-01-03,,2026-02-12,广告,
637,南昌,33.0,男,普通,2024-07-15,,2026-03-08,自然搜索,
639,深圳,42.0,男,铂金,2023-11-07,,2026-02-06,自然搜索,
641,深圳,43.0,男,普通,2024-05-12,,2026-03-10,未知,备注72
642,深圳,19.0,男,普通,2024-03-01,,2026-03-21,未知,
643,南昌,22.0,男,普通,2024-06-08,,2026-02-10,未知,
644,深圳,20.0,女,黄金,2024-03-20,,2026-02-06,自然搜索,
645,深圳,35.0,男,黄金,2023-11-11,,2026-03-18,广告,
646,深圳,51.0,女,普通,2024-12-23,,2026-02-21,广告,
647,深圳,20.0,男,铂金,2023-11-06,,2026-04-04,自然搜索,
648,深圳,26.0,男,普通,2024-07-10,,2026-04-02,自然搜索,
649,南昌,58.0,女,普通,2024-04-20,,2026-03-08,分享链接,
650,南昌,20.0,女,普通,2024-03-27,,2026-03-09,自然搜索,备注25
652,深圳,53.0,男,铂金,2025-02-24,,2026-03-03,广告,
653,深圳,25.0,女,黄金,2024-03-25,,2026-02-26,未知,
654,深圳,60.0,女,普通,2023-08-22,,2026-02-10,广告,备注25
655,南昌,27.0,女,普通,2023-04-21,,2026-03-27,直接访问,
656,深圳,19.0,男,普通,2023-10-22,,2026-03-10,自然搜索,备注89
657,深圳,53.0,男,黄金,2023-05-31,,2026-03-30,广告,
658,深圳,25.0,男,普通,2024-05-23,,2026-02-06,直接访问,
659,深圳,22.0,男,普通,2025-02-16,,2026-03-25,未知,
661,深圳,21.0,男,普通,2023-10-08,,2026-03-11,自然搜索,
663,南昌,28.0,女,普通,2025-02-21,,2026-02-05,广告,备注95
664,南昌,22.0,未知,普通,2023-10-05,,2026-02-16,直接访问,备注30
665,南昌,50.0,女,普通,2025-03-14,,2026-03-03,广告,备注2
666,南昌,27.0,男,黄金,2024-02-29,,2026-02-15,广告,
667,深圳,47.0,男,普通,2023-07-08,,2026-02-18,未知,
668,深圳,37.0,女,黄金,2025-01-10,,2026-03-12,直接访问,
670,深圳,18.0,男,黄金,2025-03-07,,2026-02-07,未知,
671,深圳,29.0,女,普通,2023-07-20,,2026-03-15,直接访问,
672,深圳,39.0,女,铂金,2024-10-13,,2026-03-11,分享链接,
673,深圳,42.0,女,普通,2024-06-16,,2026-04-02,广告,
674,南昌,20.0,女,普通,2024-05-07,,2026-03-08,分享链接,
675,深圳,27.0,男,黄金,2024-10-07,,2026-03-28,广告,备注68
676,深圳,26.0,女,铂金,2024-02-06,,2026-03-15,未知,
677,深圳,57.0,男,黄金,2023-04-28,,2026-03-21,广告,
678,南昌,38.0,男,普通,2024-01-27,,2026-02-19,直接访问,
681,南昌,40.0,女,铂金,2024-11-19,,2026-03-11,自然搜索,
682,深圳,59.0,男,普通,2024-08-27,,2026-02-08,广告,备注94
683,深圳,55.0,女,普通,2023-06-08,,2026-02-23,直接访问,
684,南昌,43.0,男,普通,2023-11-13,,2026-04-02,分享链接,
685,深圳,49.0,男,黄金,2023-09-13,,2026-02-08,自然搜索,
686,深圳,50.0,女,普通,2024-03-21,,2026-02-23,自然搜索,备注74
687,深圳,42.0,男,黄金,2025-01-01,,2026-02-28,广告,
688,深圳,23.0,女,黄金,2024-09-17,,,广告,
689,南昌,61.0,女,黄金,2023-05-18,,2026-02-22,未知,
690,南昌,65.0,男,普通,2025-03-24,,,未知,
691,南昌,18.0,女,普通,2023-08-10,,2026-04-04,自然搜索,
692,南昌,45.0,女,普通,2025-03-10,,2026-03-22,未知,
693,南昌,64.0,女,普通,2024-06-22,,2026-04-04,未知,
694,深圳,58.0,女,普通,2023-05-14,,2026-03-29,自然搜索,
695,南昌,42.0,未知,黄金,2024-02-23,,2026-03-27,未知,
696,深圳,47.0,男,普通,2024-05-01,,2026-03-24,自然搜索,
698,深圳,45.0,女,普通,2024-11-16,,,自然搜索,
699,深圳,25.0,男,普通,2023-09-19,,2026-02-26,未知,
700,深圳,43.0,女,黄金,2023-05-06,,2026-04-02,直接访问,
701,南昌,38.0,男,铂金,2023-08-19,,2026-03-04,直接访问,备注70
702,南昌,21.0,男,黄金,2023-09-26,,2026-03-31,直接访问,备注94
703,深圳,50.0,未知,普通,2024-07-14,,2026-02-05,自然搜索,
704,南昌,20.0,女,普通,2024-03-13,,2026-03-01,未知,
705,深圳,60.0,女,普通,2023-04-07,,2026-03-18,未知,
706,深圳,47.0,女,黄金,2023-04-19,,2026-03-27,自然搜索,
707,深圳,27.0,女,普通,2023-09-25,,2026-03-28,分享链接,
708,深圳,22.0,男,普通,2024-07-26,,2026-03-21,自然搜索,备注42
709,南昌,62.0,未知,铂金,2024-11-09,,2026-03-06,直接访问,备注96
710,南昌,56.0,男,铂金,2023-12-21,,2026-03-11,直接访问,备注70
711,南昌,55.0,女,普通,2025-01-04,,2026-03-21,直接访问,备注6
712,南昌,45.0,男,普通,2024-02-27,,2026-04-05,自然搜索,
713,深圳,37.0,女,普通,2024-06-30,,2026-02-12,分享链接,
714,深圳,39.0,男,黄金,2024-08-23,,2026-03-25,直接访问,
715,南昌,39.0,女,普通,2024-10-24,,2026-02-25,自然搜索,
716,南昌,24.0,女,普通,2023-10-05,,2026-03-03,直接访问,
718,深圳,52.0,女,黄金,2023-10-28,,2026-03-09,分享链接,
719,深圳,27.0,男,铂金,2024-01-04,,2026-02-21,广告,
721,南昌,32.0,男,普通,2023-06-27,,2026-03-19,分享链接,
722,深圳,45.0,男,黄金,2023-07-12,,2026-03-04,分享链接,备注95
723,深圳,51.0,男,黄金,2024-05-19,,2026-02-09,未知,
724,深圳,26.0,男,普通,2024-12-22,,2026-02-05,自然搜索,
726,南昌,23.0,男,普通,2025-01-09,,2026-02-27,分享链接,备注13
727,未知,19.0,女,普通,2024-05-04,,2026-04-05,直接访问,备注39
728,南昌,32.0,男,普通,2023-08-10,,2026-03-01,广告,
729,深圳,56.0,男,普通,2023-06-26,,2026-02-10,自然搜索,
730,南昌,33.0,男,黄金,2023-06-30,,2026-04-01,直接访问,
731,南昌,47.0,男,普通,2025-01-20,,2026-03-26,广告,
732,南昌,63.0,女,普通,2023-09-18,,2026-03-13,直接访问,备注91
733,南昌,42.0,女,铂金,2024-11-18,,2026-02-23,未知,
734,深圳,26.0,男,铂金,2024-03-20,,2026-02-14,分享链接,备注83
735,南昌,54.0,男,黄金,2023-06-04,,,自然搜索,备注76
737,南昌,64.0,男,普通,2024-08-31,,2026-03-25,自然搜索,
738,深圳,51.0,男,铂金,2024-07-01,,2026-03-01,分享链接,备注41
739,深圳,58.0,女,普通,2024-01-06,,2026-03-26,广告,
740,南昌,52.0,女,普通,2023-05-25,,2026-02-13,分享链接,
741,深圳,42.0,男,普通,2024-05-19,,2026-04-02,自然搜索,
742,南昌,42.0,男,铂金,2023-06-06,,2026-02-10,广告,
743,深圳,55.0,男,黄金,2024-02-29,,2026-02-08,广告,
744,深圳,42.0,男,铂金,2024-10-10,,,直接访问,备注73
745,南昌,43.0,男,普通,2023-04-25,,2026-04-04,自然搜索,
746,南昌,18.0,女,普通,2024-07-19,,2026-03-27,广告,
747,南昌,42.0,男,黄金,2025-02-18,12345678901,2026-03-21,自然搜索,
748,南昌,46.0,男,普通,2023-12-26,,2026-02-15,直接访问,
749,南昌,33.0,男,黄金,2023-10-21,,2026-02-16,未知,
750,南昌,56.0,男,普通,2024-11-30,,2026-03-13,分享链接,
751,深圳,47.0,女,黄金,2023-04-12,,2026-03-15,广告,
752,南昌,42.0,男,普通,2024-06-28,,2026-03-23,未知,
753,南昌,27.0,男,普通,2024-11-23,,2026-02-17,自然搜索,
754,南昌,63.0,男,普通,2024-11-27,,2026-03-24,自然搜索,
755,深圳,56.0,女,普通,2023-10-04,,2026-04-03,广告,
756,南昌,19.0,女,普通,2023-09-03,,2026-03-10,直接访问,
757,南昌,62.0,男,普通,2024-05-31,,2026-02-19,广告,
758,深圳,42.0,男,普通,2024-12-07,,2026-02-10,未知,
759,深圳,56.0,男,铂金,2024-05-23,,2026-02-18,分享链接,备注24
761,深圳,64.0,女,铂金,2024-09-14,,2026-02-07,分享链接,
762,深圳,52.0,男,铂金,2024-05-28,,2026-03-25,自然搜索,备注31
763,未知,35.0,女,普通,2024-12-02,,2026-02-08,分享链接,
765,深圳,60.0,男,铂金,2023-05-11,,2026-03-08,直接访问,
766,深圳,44.0,女,普通,2025-02-18,,,广告,
768,深圳,64.0,未知,普通,2024-07-28,,2026-03-03,未知,
769,未知,48.0,男,普通,2023-11-04,12345678901,2026-04-02,未知,备注6
771,深圳,38.0,女,普通,2023-04-30,,2026-02-10,未知,
772,南昌,40.0,女,黄金,2024-03-22,,2026-02-12,广告,
773,南昌,37.0,女,黄金,2024-10-10,,2026-02-14,直接访问,
774,南昌,58.0,女,铂金,2023-05-18,,2026-03-14,广告,
776,深圳,28.0,女,黄金,2024-01-14,,2026-02-11,广告,备注88
777,深圳,56.0,女,普通,2023-08-23,,2026-03-12,分享链接,备注73
778,深圳,63.0,男,普通,2023-05-26,,2026-03-09,自然搜索,
779,南昌,40.0,男,普通,2023-09-06,,2026-04-02,分享链接,
780,南昌,25.0,男,黄金,2025-01-16,,2026-03-09,广告,
781,深圳,36.0,女,黄金,2024-12-03,,2026-03-19,直接访问,
782,南昌,21.0,女,黄金,2023-08-26,,2026-04-02,广告,
783,南昌,37.0,女,黄金,2023-12-10,,2026-03-12,自然搜索,
784,南昌,27.0,女,黄金,2024-04-30,,2026-02-13,自然搜索,备注79
785,南昌,41.0,男,普通,2024-08-21,,2026-03-07,分享链接,
787,南昌,59.0,女,普通,2025-02-27,,2026-03-09,直接访问,
791,南昌,21.0,女,普通,2024-12-23,,2026-03-13,未知,
792,深圳,61.0,男,黄金,2023-08-02,,2026-02-14,分享链接,
793,深圳,50.0,男,普通,2025-01-18,,2026-03-01,直接访问,备注96
794,南昌,21.0,女,普通,2024-11-03,,2026-03-27,直接访问,备注96
795,南昌,29.0,女,普通,2023-05-12,,2026-02-08,自然搜索,
796,深圳,55.0,男,普通,2023-07-18,,2026-03-25,直接访问,
797,南昌,56.0,女,普通,2024-10-14,,2026-02-23,分享链接,
798,南昌,25.0,女,普通,2023-04-20,,2026-03-15,分享链接,
799,未知,39.0,男,普通,2025-02-21,,2026-03-18,未知,
801,南昌,51.0,女,普通,2024-12-06,,2026-04-04,分享链接,
802,未知,34.0,男,普通,2023-04-21,,2026-03-03,自然搜索,
803,南昌,53.0,未知,普通,2024-10-16,,,自然搜索,
804,南昌,33.0,男,普通,2023-07-16,,2026-02-05,广告,备注23
805,南昌,50.0,女,黄金,2024-02-14,,2026-02-15,自然搜索,
806,南昌,28.0,男,普通,2024-08-20,,2026-02-23,自然搜索,
807,深圳,28.0,未知,普通,2024-07-08,,2026-03-10,未知,备注83
808,深圳,49.0,男,黄金,2024-03-25,,2026-02-25,未知,
809,南昌,32.0,女,普通,2024-11-18,,2026-02-28,未知,
811,南昌,36.0,男,普通,2023-06-21,,2026-03-18,未知,
812,南昌,34.0,男,普通,2024-09-24,,2026-02-17,自然搜索,
814,深圳,54.0,女,铂金,2024-10-23,,2026-03-17,分享链接,
815,南昌,35.0,女,铂金,2024-06-02,,2026-03-09,广告,
816,南昌,39.0,女,普通,2024-03-04,,2026-02-12,广告,
817,深圳,26.0,女,普通,2025-02-08,,2026-03-28,广告,备注9
818,深圳,58.0,女,普通,2024-07-28,,2026-02-10,分享链接,
819,深圳,57.0,男,普通,2023-06-24,,2026-03-31,分享链接,
820,深圳,41.0,女,普通,2024-06-08,,2026-02-26,广告,
821,南昌,25.0,女,黄金,2023-06-17,,2026-03-25,直接访问,
822,深圳,45.0,男,普通,2023-05-31,,2026-03-24,分享链接,
823,南昌,46.0,男,普通,2024-08-20,,2026-02-27,自然搜索,
824,深圳,54.0,未知,黄金,2024-12-30,,2026-02-16,未知,
825,深圳,41.0,女,黄金,2023-10-24,,2026-03-17,未知,
826,深圳,47.0,未知,普通,2024-05-05,,2026-03-23,自然搜索,
827,深圳,25.0,男,铂金,2024-04-27,,2026-03-01,直接访问,备注75
828,深圳,60.0,男,普通,2023-05-23,,2026-03-02,广告,备注61
829,深圳,33.0,男,黄金,2024-12-24,,2026-03-15,未知,
830,深圳,46.0,女,普通,2024-08-02,,2026-03-15,直接访问,备注31
831,南昌,25.0,女,铂金,2023-11-03,,2026-03-21,分享链接,
832,深圳,63.0,男,普通,2023-12-21,,,未知,
834,南昌,29.0,女,普通,2024-04-12,,,直接访问,备注72
835,南昌,35.0,男,铂金,2025-01-30,,2026-02-11,分享链接,
836,南昌,25.0,女,黄金,2024-09-28,,,分享链接,
837,深圳,22.0,未知,普通,2024-12-25,,2026-02-05,广告,
842,南昌,27.0,女,黄金,2024-11-10,,2026-02-17,直接访问,
843,南昌,19.0,男,黄金,2024-11-24,,2026-03-29,直接访问,
844,南昌,52.0,男,普通,2023-04-18,,2026-04-02,自然搜索,
845,深圳,50.0,女,普通,2023-08-30,,2026-02-10,未知,
846,南昌,42.0,男,铂金,2024-05-08,,2026-03-03,直接访问,
847,南昌,18.0,男,黄金,2025-03-23,,2026-03-18,直接访问,
849,未知,39.0,男,黄金,2024-07-16,,2026-03-21,直接访问,
850,南昌,60.0,女,普通,2024-05-25,,2026-02-22,自然搜索,
851,南昌,44.0,未知,铂金,2023-08-20,,2026-02-18,自然搜索,备注91
852,南昌,27.0,男,普通,2024-11-05,,2026-02-06,分享链接,
853,深圳,32.0,女,普通,2023-09-11,,,直接访问,
854,未知,29.0,女,普通,2023-10-20,,,分享链接,备注92
855,深圳,45.0,男,黄金,2024-07-16,,2026-03-31,分享链接,
856,南昌,37.0,男,普通,2024-02-12,,2026-02-19,直接访问,备注90
857,南昌,35.0,女,普通,2024-07-04,,2026-03-30,未知,
858,深圳,26.0,女,普通,2024-03-15,,2026-03-25,自然搜索,备注85
859,深圳,23.0,男,黄金,2025-01-14,,2026-02-18,自然搜索,
860,深圳,43.0,男,普通,2025-01-03,,2026-02-17,未知,
861,南昌,24.0,女,普通,2023-04-22,,2026-02-06,直接访问,备注31
862,深圳,55.0,女,普通,2024-03-05,,2026-03-13,自然搜索,
863,深圳,39.0,男,普通,2024-01-08,,2026-02-26,自然搜索,
864,深圳,19.0,男,普通,2024-09-11,,2026-04-03,直接访问,备注72
865,南昌,36.0,女,普通,2024-10-15,,,直接访问,
866,深圳,34.0,女,普通,2024-01-15,,2026-04-05,直接访问,备注28
867,南昌,59.0,女,普通,2023-04-26,,,自然搜索,
868,南昌,38.0,男,普通,2024-03-29,,2026-04-05,分享链接,
869,深圳,44.0,男,黄金,2024-12-02,,2026-02-27,分享链接,
870,南昌,34.0,男,黄金,2024-03-10,,2026-03-18,直接访问,
872,南昌,46.0,男,普通,2024-10-03,,2026-03-17,自然搜索,
874,南昌,51.0,女,普通,2024-03-23,,2026-03-16,未知,备注55
875,南昌,61.0,女,普通,2023-12-19,,2026-03-06,广告,备注96
876,深圳,29.0,男,黄金,2025-01-20,,2026-03-26,未知,备注48
877,深圳,43.0,男,普通,2024-01-27,,2026-02-07,广告,
878,南昌,35.0,女,黄金,2025-01-23,,2026-03-18,未知,
879,深圳,35.0,男,黄金,2024-01-08,,2026-03-14,未知,
880,深圳,56.0,男,黄金,2023-10-01,,2026-03-09,直接访问,
881,南昌,28.0,女,普通,2023-07-05,,2026-03-02,直接访问,
882,未知,41.0,男,普通,2023-09-06,,2026-03-02,未知,备注75
883,南昌,30.0,男,普通,2024-10-31,,2026-02-21,自然搜索,
884,深圳,31.0,男,普通,2024-10-21,,2026-03-31,广告,备注8
885,深圳,43.0,男,普通,2024-09-16,,2026-02-28,广告,备注44
886,南昌,29.0,男,普通,2024-11-26,,2026-02-08,未知,
888,深圳,55.0,男,黄金,2024-07-23,,2026-04-05,分享链接,
889,南昌,58.0,男,黄金,2023-09-13,,2026-03-03,分享链接,
890,深圳,51.0,男,普通,2024-11-19,,2026-02-09,分享链接,
891,深圳,28.0,女,普通,2023-05-28,,2026-03-31,广告,
892,深圳,54.0,男,黄金,2023-04-27,,2026-02-11,分享链接,
893,未知,22.0,男,普通,2024-10-07,,2026-03-27,直接访问,
894,未知,43.0,女,普通,2024-03-02,,2026-03-31,直接访问,备注85
895,南昌,31.0,男,普通,2024-07-15,,2026-03-24,直接访问,
896,深圳,48.0,男,黄金,2024-10-04,,,自然搜索,备注64
897,南昌,62.0,男,普通,2025-01-17,,2026-04-05,广告,
898,深圳,42.0,男,普通,2024-09-16,,2026-03-19,广告,
899,南昌,55.0,男,普通,2024-01-25,,2026-02-23,直接访问,
900,深圳,51.0,男,普通,2023-12-31,,2026-02-07,自然搜索,
901,南昌,51.0,男,普通,2023-08-25,,2026-02-20,直接访问,
903,南昌,48.0,女,黄金,2023-06-14,,2026-02-12,广告,
904,深圳,19.0,女,黄金,2023-06-24,,2026-03-08,自然搜索,
905,南昌,43.0,男,铂金,2023-11-02,,2026-03-22,直接访问,
907,南昌,42.0,女,普通,2024-07-02,,2026-02-09,自然搜索,
908,深圳,61.0,男,黄金,2023-06-03,,2026-03-27,直接访问,
909,未知,31.0,未知,普通,2025-01-29,,2026-04-04,自然搜索,
911,深圳,42.0,男,普通,2024-06-23,,,分享链接,备注85
912,南昌,41.0,男,铂金,2024-03-30,,,分享链接,
913,深圳,42.0,女,黄金,2024-03-26,,2026-03-05,广告,
914,深圳,30.0,男,普通,2023-07-07,,2026-03-20,广告,
915,南昌,54.0,男,普通,2023-09-02,,2026-03-16,未知,
918,深圳,55.0,女,黄金,2023-05-24,,2026-04-04,未知,备注55
919,南昌,34.0,女,铂金,2023-09-26,,2026-04-05,直接访问,
920,深圳,48.0,女,普通,2023-11-21,,2026-03-05,直接访问,
921,深圳,40.0,女,普通,2024-11-07,,2026-03-24,分享链接,
923,南昌,28.0,女,普通,2023-07-27,,2026-02-19,未知,
926,深圳,63.0,男,普通,2024-09-24,,2026-04-03,未知,
927,南昌,57.0,女,普通,2024-11-09,,2026-03-21,广告,
928,深圳,42.0,男,普通,2025-03-30,,2026-03-18,直接访问,
929,深圳,54.0,女,铂金,2024-07-26,,,分享链接,
931,南昌,42.0,男,普通,2023-05-02,,2026-04-03,自然搜索,
932,南昌,47.0,女,黄金,2023-07-01,,2026-04-04,未知,
933,深圳,40.0,女,黄金,2024-02-16,,2026-03-21,直接访问,
934,南昌,45.0,未知,普通,2024-01-31,,2026-02-21,自然搜索,
935,南昌,24.0,男,普通,2024-07-19,,2026-02-21,分享链接,
936,深圳,38.0,男,黄金,2023-06-24,,2026-02-08,分享链接,
937,深圳,18.0,女,普通,2023-04-27,,,分享链接,
938,南昌,27.0,女,黄金,2024-02-17,,2026-02-16,广告,备注59
939,南昌,46.0,男,黄金,2024-04-25,,2026-02-16,广告,
940,南昌,49.0,男,普通,2024-05-13,,2026-03-24,未知,备注16
941,未知,43.0,男,普通,2023-07-06,,2026-04-03,直接访问,
944,深圳,31.0,男,黄金,2023-08-27,,2026-02-12,分享链接,
945,南昌,44.0,女,普通,2024-07-17,,2026-03-15,广告,
946,未知,42.0,女,铂金,2024-09-21,,2026-04-01,未知,
947,南昌,51.0,女,普通,2024-06-13,,2026-02-09,分享链接,
948,深圳,61.0,女,黄金,2024-08-02,,2026-03-10,自然搜索,
949,南昌,40.0,女,普通,2023-10-19,,,自然搜索,
950,深圳,26.0,男,普通,2024-10-31,,2026-02-11,广告,
952,深圳,31.0,男,普通,2023-08-05,,2026-03-12,未知,
953,未知,20.0,女,普通,2023-11-02,,2026-02-24,广告,
955,南昌,42.0,女,普通,2023-07-22,,2026-02-16,广告,备注41
956,深圳,35.0,女,黄金,2024-01-23,,2026-02-18,未知,
957,深圳,44.0,女,普通,2023-04-21,,2026-02-11,未知,
958,南昌,51.0,男,普通,2024-03-12,,2026-02-18,广告,
959,深圳,55.0,未知,普通,2025-02-08,,2026-02-16,直接访问,
960,深圳,42.0,女,铂金,2025-01-24,,2026-02-11,直接访问,
961,南昌,22.0,男,普通,2023-04-08,,2026-02-09,广告,备注88
962,南昌,55.0,男,铂金,2023-06-29,,2026-02-12,自然搜索,
963,深圳,56.0,未知,普通,2024-11-07,,2026-03-21,分享链接,
964,深圳,44.0,男,普通,2023-11-25,,2026-04-03,分享链接,
965,深圳,61.0,男,黄金,2024-03-26,,2026-02-14,分享链接,备注26
966,深圳,58.0,男,普通,2023-07-14,,2026-03-06,未知,备注4
967,南昌,45.0,女,黄金,2024-11-20,,2026-03-26,未知,备注86
968,深圳,50.0,男,普通,2024-03-25,,2026-02-24,分享链接,
970,南昌,42.0,女,普通,2024-12-26,,2026-03-18,自然搜索,
972,深圳,22.0,未知,黄金,2025-03-05,,2026-03-09,未知,
973,深圳,19.0,女,普通,2024-02-18,,2026-03-17,广告,备注49
974,南昌,33.0,男,普通,2023-06-18,,2026-04-03,自然搜索,
976,南昌,41.0,男,普通,2024-04-05,,2026-02-20,自然搜索,
977,深圳,49.0,女,普通,2023-11-09,,2026-02-20,未知,
978,深圳,23.0,男,普通,2024-12-21,,2026-03-30,自然搜索,
979,深圳,26.0,女,普通,2024-11-11,,,广告,
980,深圳,59.0,女,普通,2024-10-16,,2026-02-17,未知,
981,未知,43.0,男,黄金,2024-11-18,,2026-02-27,广告,
982,深圳,59.0,未知,黄金,2024-12-11,,2026-03-29,广告,
983,深圳,44.0,女,普通,2024-06-05,,2026-02-18,未知,备注32
984,深圳,48.0,男,普通,2023-07-10,,2026-02-16,直接访问,备注48
985,南昌,44.0,男,黄金,2023-08-20,,2026-02-20,直接访问,
986,深圳,27.0,女,普通,2025-01-13,,2026-03-04,直接访问,
987,深圳,43.0,男,普通,2023-09-25,,2026-03-21,自然搜索,
988,南昌,48.0,男,普通,2023-09-17,,2026-03-19,未知,
989,南昌,43.0,女,普通,2024-11-10,,2026-02-17,未知,备注76
991,南昌,42.0,男,黄金,2024-07-28,,2026-03-10,直接访问,
992,深圳,24.0,女,普通,2023-08-01,,2026-04-02,分享链接,
993,南昌,53.0,女,铂金,2025-03-04,,2026-02-05,分享链接,
994,南昌,31.0,男,黄金,2023-11-26,,2026-03-29,广告,备注91
996,深圳,22.0,男,普通,2024-12-14,,2026-03-21,自然搜索,备注28
997,深圳,45.0,男,普通,2024-10-17,,2026-03-07,未知,
998,深圳,40.0,女,铂金,2025-03-06,,2026-03-27,广告,
1000,南昌,18.0,女,铂金,2025-02-24,,2026-02-13,自然搜索,
1001,南昌,28.0,男,黄金,2024-11-11,,2026-02-26,未知,
1002,未知,20.0,女,黄金,2024-12-23,,2026-02-12,自然搜索,
1003,南昌,60.0,女,普通,2025-03-08,,2026-03-15,广告,
1004,南昌,34.0,女,普通,2025-02-28,,2026-04-04,广告,
1005,南昌,24.0,女,铂金,2023-08-05,,2026-03-19,广告,
1006,深圳,45.0,男,普通,2023-09-28,,2026-02-07,自然搜索,
1007,深圳,32.0,男,黄金,2023-06-26,,2026-03-06,直接访问,
1008,深圳,37.0,女,普通,2023-10-10,,2026-02-19,广告,
1009,深圳,43.0,女,普通,2025-03-08,,2026-03-23,广告,
1010,深圳,36.0,男,普通,2023-10-17,,2026-03-05,分享链接,备注77
1013,深圳,63.0,女,普通,2023-08-01,,2026-03-12,直接访问,
1014,南昌,42.0,女,普通,2024-06-08,,2026-03-25,直接访问,
1015,南昌,54.0,男,黄金,2023-05-29,,,直接访问,
1016,南昌,30.0,男,普通,2023-06-25,,2026-04-04,自然搜索,
1017,深圳,33.0,男,黄金,2024-01-15,,2026-03-01,广告,备注64
1018,南昌,39.0,男,普通,2025-03-06,,2026-03-05,广告,备注41
1019,南昌,33.0,女,普通,2024-02-11,,,直接访问,
1020,深圳,54.0,女,普通,2025-02-10,,2026-02-15,广告,
1022,南昌,31.0,男,普通,2024-11-10,,2026-03-08,自然搜索,
1023,南昌,51.0,男,铂金,2025-03-10,,2026-02-16,广告,
1025,深圳,23.0,男,黄金,2025-01-17,,2026-02-28,自然搜索,
1026,南昌,35.0,女,黄金,2024-05-03,,,自然搜索,
1027,未知,51.0,女,普通,2024-07-12,,2026-02-26,自然搜索,
1028,南昌,56.0,男,普通,2024-03-04,,2026-03-03,广告,
1029,南昌,20.0,男,铂金,2024-04-06,,2026-02-27,未知,
1030,深圳,43.0,男,黄金,2025-01-28,,2026-03-04,分享链接,
1031,深圳,42.0,男,普通,2025-02-03,,2026-04-05,未知,备注61
1032,南昌,32.0,男,黄金,2024-12-09,,2026-03-08,自然搜索,
1033,未知,35.0,女,普通,2024-04-14,,2026-03-13,未知,
1034,深圳,44.0,女,普通,2025-03-20,,2026-03-31,未知,
1035,南昌,41.0,女,普通,2023-06-21,,2026-03-28,直接访问,
1036,南昌,47.0,女,铂金,2023-11-04,,2026-03-20,直接访问,
1037,深圳,42.0,男,普通,2023-11-17,,2026-02-08,未知,备注93
1038,南昌,20.0,男,普通,2023-05-25,,2026-03-11,广告,
1039,南昌,38.0,男,黄金,2025-03-24,,2026-03-29,自然搜索,备注40
1040,南昌,59.0,男,铂金,2023-08-01,,2026-03-10,直接访问,
1041,南昌,23.0,男,普通,2023-08-30,,2026-03-23,广告,
1042,深圳,56.0,女,普通,2024-05-26,,2026-03-30,未知,
1043,南昌,52.0,男,普通,2023-05-25,,2026-03-08,未知,备注66
1044,未知,30.0,女,普通,2023-09-21,,2026-03-30,广告,
1045,深圳,45.0,女,普通,2024-03-24,,2026-03-24,未知,
1046,深圳,40.0,女,普通,2025-02-25,,2026-02-15,自然搜索,
1047,深圳,63.0,女,黄金,2025-02-15,,2026-03-04,直接访问,备注5
1048,南昌,19.0,女,普通,2023-07-27,,2026-02-14,广告,备注84
1049,南昌,54.0,男,黄金,2023-04-23,,,直接访问,
1050,南昌,37.0,女,普通,2024-01-23,,2026-03-22,分享链接,
1053,南昌,62.0,男,普通,2024-05-19,,2026-03-29,分享链接,
1054,南昌,39.0,未知,普通,2025-01-30,,2026-02-22,分享链接,
1055,南昌,29.0,女,普通,2023-05-24,,2026-03-31,分享链接,
1056,南昌,58.0,男,普通,2024-04-19,,2026-03-24,广告,
1057,南昌,60.0,女,普通,2024-10-18,,2026-04-05,未知,
1058,南昌,45.0,男,普通,2023-11-18,,2026-03-30,广告,备注28
1059,南昌,51.0,男,普通,2023-06-11,,2026-03-20,广告,
1060,深圳,29.0,男,普通,2023-07-03,,2026-02-10,广告,
1061,深圳,59.0,男,黄金,2023-12-15,,2026-03-31,自然搜索,
1062,南昌,55.0,女,普通,2023-12-22,,2026-03-14,未知,
1064,深圳,43.0,男,黄金,2024-02-14,,,广告,备注86
1065,南昌,42.0,女,普通,2024-05-24,,2026-03-01,广告,
1066,南昌,65.0,男,黄金,2023-06-24,,2026-03-04,未知,
1067,深圳,20.0,女,普通,2023-12-08,,2026-03-07,自然搜索,
1068,南昌,55.0,女,普通,2023-07-26,,2026-03-08,自然搜索,
1069,深圳,45.0,女,普通,2024-01-11,,2026-02-12,自然搜索,
1070,深圳,22.0,女,普通,2025-04-06,,2026-03-29,未知,
1071,深圳,44.0,男,普通,2024-03-06,,2026-03-05,未知,备注30
1072,南昌,23.0,男,普通,2023-08-07,,,广告,
1073,深圳,50.0,女,普通,2023-04-24,,2026-03-18,未知,
1074,南昌,26.0,男,普通,2024-02-04,,2026-03-21,自然搜索,备注26
1075,南昌,41.0,女,黄金,2023-08-04,,2026-04-02,直接访问,
1076,南昌,31.0,男,普通,2023-05-08,,2026-04-03,自然搜索,
1077,南昌,61.0,女,普通,2024-04-22,,2026-03-27,广告,备注100
1078,深圳,35.0,男,黄金,2024-07-20,,2026-02-26,分享链接,
1079,南昌,53.0,男,普通,2025-03-29,,2026-02-27,未知,
1080,南昌,65.0,男,普通,2024-05-05,,2026-03-09,直接访问,
1081,南昌,32.0,男,普通,2024-10-14,,2026-02-07,自然搜索,
1083,深圳,49.0,男,普通,2024-11-20,,2026-03-16,未知,
1084,南昌,42.0,男,黄金,2024-01-29,,2026-02-24,未知,
1085,南昌,32.0,女,黄金,2024-03-15,,2026-03-21,分享链接,
1086,深圳,57.0,男,黄金,2024-06-19,,2026-02-11,自然搜索,
1087,深圳,48.0,男,普通,2024-01-30,,2026-04-05,自然搜索,
1088,深圳,53.0,女,普通,2023-06-16,,2026-03-30,直接访问,
1089,南昌,45.0,男,黄金,2024-08-29,,,分享链接,
1090,深圳,61.0,女,普通,2024-09-09,,2026-02-14,直接访问,
1091,南昌,37.0,女,黄金,2023-04-18,,2026-02-19,直接访问,
1092,深圳,37.0,男,黄金,2023-08-29,,2026-03-31,自然搜索,
1094,南昌,31.0,女,普通,2024-03-16,,2026-02-19,自然搜索,
1095,南昌,37.0,女,黄金,2024-11-18,,2026-03-05,分享链接,
1096,南昌,50.0,男,黄金,2024-07-21,,2026-03-27,自然搜索,备注62
1097,深圳,56.0,男,普通,2023-06-09,,2026-03-04,广告,
1098,深圳,51.0,女,普通,2024-09-13,,2026-02-17,广告,备注75
1099,深圳,22.0,女,铂金,2024-05-16,,2026-03-04,直接访问,
1100,深圳,64.0,女,黄金,2024-11-07,,2026-03-13,直接访问,
1102,南昌,52.0,男,普通,2023-08-11,,2026-02-26,分享链接,
1103,未知,61.0,男,普通,2025-01-12,,2026-02-06,分享链接,
1104,南昌,50.0,女,铂金,2025-01-16,,2026-02-25,未知,
1105,深圳,61.0,男,铂金,2024-04-02,,2026-03-30,未知,
1106,南昌,63.0,男,铂金,2024-03-08,,2026-02-10,自然搜索,备注95
1107,南昌,42.0,女,普通,2024-02-20,,2026-03-17,分享链接,
1108,南昌,24.0,女,普通,2023-12-26,,2026-03-10,未知,备注77
1110,南昌,23.0,女,黄金,2023-07-13,,2026-03-22,广告,
1111,深圳,26.0,女,普通,2025-02-18,,2026-03-29,广告,
1112,深圳,63.0,女,普通,2023-04-14,,2026-03-10,分享链接,备注62
1113,深圳,56.0,男,普通,2023-08-17,,2026-03-01,直接访问,
1114,深圳,42.0,男,普通,2024-11-26,,2026-03-19,直接访问,备注11
1115,南昌,19.0,男,黄金,2024-05-11,,2026-03-13,广告,
1116,南昌,23.0,女,黄金,2024-08-23,,2026-02-22,广告,
1117,南昌,28.0,男,铂金,2024-08-26,,2026-02-24,直接访问,
1118,深圳,53.0,女,普通,2024-11-07,,2026-03-02,直接访问,备注12
1119,南昌,36.0,女,铂金,2024-12-04,,2026-02-14,分享链接,
1121,南昌,27.0,女,黄金,2023-08-01,,2026-02-14,广告,
1122,南昌,42.0,男,普通,2024-02-22,,2026-03-11,自然搜索,
1123,深圳,43.0,男,普通,2023-04-24,,2026-03-13,自然搜索,
1124,深圳,64.0,男,黄金,2024-05-14,,2026-03-19,分享链接,
1125,未知,19.0,女,黄金,2024-12-25,,2026-03-26,分享链接,
1126,深圳,29.0,男,黄金,2024-01-12,,2026-02-14,广告,
1127,深圳,60.0,女,黄金,2025-04-04,,2026-03-07,自然搜索,备注85
1128,未知,39.0,女,普通,2024-08-03,,2026-03-20,自然搜索,
1129,深圳,43.0,女,黄金,2024-11-09,,2026-03-30,直接访问,
1130,深圳,25.0,女,普通,2023-06-23,,2026-03-20,直接访问,备注57
1131,南昌,49.0,女,黄金,2024-11-30,,2026-04-04,广告,
1132,南昌,42.0,男,普通,2024-03-10,,2026-03-30,直接访问,备注20
1133,深圳,33.0,女,黄金,2024-01-24,,2026-03-02,广告,
1134,南昌,40.0,男,普通,2024-05-24,,2026-02-08,自然搜索,备注35
1135,南昌,60.0,未知,普通,2024-03-30,,2026-02-18,直接访问,备注34
1136,南昌,50.0,女,普通,2024-11-26,,2026-02-23,未知,
1137,深圳,37.0,女,普通,2024-03-21,,2026-03-12,直接访问,
1138,深圳,31.0,男,普通,2023-10-29,,2026-03-03,广告,
1141,深圳,34.0,女,普通,2023-05-06,,2026-02-12,自然搜索,
1142,南昌,22.0,女,普通,2023-08-22,,2026-02-15,分享链接,备注52
1143,南昌,45.0,男,普通,2025-03-27,,2026-04-05,直接访问,
1144,深圳,48.0,女,普通,2025-03-11,,2026-02-24,未知,
1145,南昌,39.0,女,铂金,2025-03-10,,2026-03-11,分享链接,
1146,深圳,46.0,女,普通,2023-12-18,,2026-02-24,直接访问,
1147,未知,34.0,女,黄金,2023-11-12,,2026-02-09,直接访问,
1148,南昌,40.0,女,普通,2023-08-18,,2026-03-17,直接访问,
1149,深圳,47.0,女,普通,2024-04-26,,2026-04-05,直接访问,
1150,南昌,59.0,女,普通,2023-09-23,,2026-02-07,直接访问,
1151,深圳,65.0,女,普通,2024-01-14,,2026-02-23,广告,
1152,南昌,33.0,男,普通,2025-03-14,,2026-03-24,分享链接,
1153,深圳,56.0,男,普通,2024-03-11,,2026-02-24,未知,
1154,深圳,37.0,男,铂金,2024-11-22,,,未知,备注22
1155,南昌,20.0,男,黄金,2024-02-07,,2026-02-12,自然搜索,
1156,深圳,44.0,男,黄金,2024-01-25,,2026-03-25,未知,
1158,南昌,42.0,女,黄金,2024-12-27,,2026-02-06,分享链接,
1159,南昌,54.0,女,普通,2023-04-13,,2026-03-19,未知,
1161,深圳,30.0,女,普通,2023-06-30,,2026-04-04,直接访问,
1162,深圳,25.0,女,普通,2023-08-19,,2026-02-14,直接访问,
1163,深圳,47.0,女,黄金,2024-05-30,,2026-03-03,自然搜索,备注79
1164,南昌,32.0,男,普通,2025-02-14,,2026-03-18,广告,
1165,南昌,34.0,男,黄金,2025-01-10,,2026-03-25,直接访问,
1166,深圳,39.0,男,黄金,2023-07-21,,2026-02-11,分享链接,
1167,深圳,23.0,男,普通,2024-10-21,,,自然搜索,
1168,深圳,47.0,女,普通,2023-04-15,,2026-02-17,自然搜索,
1169,深圳,35.0,男,普通,2023-08-14,,2026-03-23,未知,备注89
1170,深圳,32.0,男,黄金,2024-07-28,,2026-03-19,分享链接,
1171,南昌,42.0,女,黄金,2024-07-21,,2026-03-13,广告,
1172,南昌,40.0,男,普通,2025-03-08,,2026-02-23,分享链接,备注51
1173,南昌,28.0,女,普通,2025-03-01,,2026-02-05,自然搜索,
1174,南昌,49.0,女,铂金,2024-08-13,,2026-04-01,未知,
1175,深圳,26.0,未知,普通,2024-06-14,,2026-03-23,直接访问,
1176,南昌,55.0,未知,普通,2024-02-04,,2026-03-23,自然搜索,
1177,深圳,42.0,男,普通,2025-01-06,,2026-03-02,广告,
1179,未知,46.0,女,普通,2024-09-09,,2026-03-08,分享链接,
1180,深圳,23.0,女,普通,2024-02-20,,2026-03-03,分享链接,
1181,南昌,48.0,女,普通,2023-05-03,,2026-03-27,分享链接,
1182,深圳,36.0,男,铂金,2023-11-04,,2026-03-06,广告,
1184,深圳,57.0,男,普通,2024-04-27,,2026-03-18,自然搜索,
1185,深圳,24.0,男,普通,2024-12-23,,2026-02-10,广告,
1186,深圳,49.0,男,普通,2024-11-14,,2026-03-27,分享链接,
1187,南昌,33.0,男,普通,2024-12-15,,2026-03-12,未知,备注34
1188,南昌,44.0,未知,普通,2023-11-10,,2026-03-10,未知,
1189,深圳,42.0,女,普通,2024-12-14,,2026-02-27,自然搜索,
1190,深圳,54.0,男,铂金,2023-11-08,,2026-03-27,直接访问,
1191,深圳,47.0,男,黄金,2023-07-13,,2026-02-25,分享链接,
1192,深圳,22.0,未知,普通,2024-04-12,,,未知,
1193,深圳,24.0,男,普通,2024-01-11,,2026-04-01,直接访问,
1194,深圳,19.0,女,普通,2024-08-22,,2026-04-01,直接访问,
1195,深圳,20.0,男,普通,2024-04-06,,2026-03-26,广告,
1196,南昌,64.0,男,黄金,2023-04-26,,2026-03-07,广告,备注39
1197,南昌,49.0,男,普通,2024-04-14,,2026-02-05,广告,
1200,深圳,55.0,女,黄金,2025-03-13,,2026-02-10,未知,
1201,深圳,65.0,男,普通,2023-09-15,,2026-02-21,广告,
1202,深圳,49.0,女,普通,2024-03-31,,2026-02-16,自然搜索,
1203,深圳,42.0,男,普通,2023-05-01,,2026-02-11,广告,
1204,南昌,64.0,男,普通,2023-06-26,,2026-02-28,分享链接,备注22
1205,深圳,57.0,女,黄金,2023-07-02,,2026-04-04,未知,
1206,未知,48.0,女,普通,2025-02-08,,2026-03-27,自然搜索,
1207,深圳,47.0,女,黄金,2024-08-28,,2026-03-05,直接访问,
1208,南昌,40.0,女,普通,2024-07-20,,2026-03-14,直接访问,备注60
1209,南昌,41.0,女,普通,2023-09-28,,2026-03-21,自然搜索,
1210,南昌,28.0,男,普通,2024-12-14,,2026-02-19,未知,
1212,深圳,61.0,男,黄金,2024-02-26,,2026-02-25,分享链接,
1214,南昌,53.0,未知,黄金,2024-01-30,,2026-02-06,分享链接,
1215,未知,43.0,女,普通,2023-09-19,,2026-02-23,自然搜索,
1217,南昌,53.0,女,黄金,2025-02-07,,2026-02-06,分享链接,
1218,深圳,45.0,女,普通,2024-08-23,,2026-02-27,直接访问,
1219,南昌,37.0,男,铂金,2024-05-05,,2026-03-05,未知,
1220,南昌,46.0,男,普通,2024-11-11,,2026-04-03,自然搜索,备注85
1221,南昌,31.0,女,普通,2023-12-24,,2026-03-30,自然搜索,
1222,深圳,56.0,男,铂金,2024-08-24,,2026-02-23,自然搜索,
1223,南昌,47.0,男,普通,2023-06-16,,2026-02-27,分享链接,
1224,深圳,38.0,女,普通,2023-12-31,,2026-03-30,直接访问,
1225,深圳,55.0,男,普通,2023-09-03,,2026-02-22,未知,
1226,深圳,31.0,男,铂金,2023-06-09,,2026-03-23,直接访问,
1227,南昌,50.0,男,普通,2024-11-24,,2026-03-16,分享链接,备注37
1228,南昌,62.0,男,普通,2024-01-28,,,直接访问,
1229,南昌,37.0,女,黄金,2024-10-25,,2026-03-30,广告,
1230,南昌,58.0,未知,普通,2023-05-20,,2026-03-13,分享链接,备注44
1231,南昌,44.0,女,普通,2023-05-19,,,未知,
1233,深圳,29.0,未知,黄金,2023-12-25,,2026-02-10,自然搜索,
1234,深圳,57.0,男,普通,2024-02-04,,2026-03-01,广告,备注66
1235,深圳,35.0,男,黄金,2023-10-06,,2026-03-26,直接访问,备注71
1237,深圳,52.0,女,普通,2023-12-24,,2026-03-11,未知,
1239,深圳,27.0,男,黄金,2024-11-21,,2026-03-20,未知,
1240,南昌,62.0,女,黄金,2023-12-15,,2026-03-08,未知,
1242,南昌,57.0,男,普通,2024-03-29,,2026-03-20,广告,
1243,深圳,28.0,男,普通,2024-06-12,,2026-02-21,分享链接,
1244,南昌,57.0,女,黄金,2023-05-04,,2026-04-03,分享链接,
1245,深圳,23.0,男,普通,2024-02-21,,2026-03-23,广告,
1246,深圳,46.0,男,普通,2023-04-20,,2026-02-12,广告,
1247,深圳,60.0,女,普通,2023-10-10,,2026-02-08,广告,
1248,深圳,57.0,女,普通,2023-09-25,,2026-03-02,分享链接,
1249,深圳,33.0,男,普通,2024-10-04,,2026-03-25,直接访问,
1250,深圳,50.0,女,普通,2024-06-10,,2026-02-27,广告,
1251,南昌,56.0,女,铂金,2024-07-23,,2026-02-18,分享链接,
1252,南昌,44.0,女,普通,2025-02-02,,2026-03-28,广告,
1253,南昌,31.0,男,铂金,2025-01-27,,2026-03-23,未知,
1254,南昌,49.0,男,普通,2024-04-16,,2026-03-26,未知,
1255,南昌,42.0,女,普通,2023-07-18,,2026-04-03,分享链接,
1256,南昌,28.0,女,黄金,2024-10-25,,2026-03-02,分享链接,
1257,深圳,19.0,男,普通,2024-07-05,,2026-03-15,直接访问,
1258,南昌,46.0,男,普通,2024-04-06,,2026-03-26,分享链接,
1259,南昌,39.0,女,黄金,2023-08-23,,2026-02-27,直接访问,
1260,深圳,47.0,女,铂金,2024-06-06,,2026-03-26,分享链接,
1261,深圳,46.0,未知,普通,2024-07-12,,2026-03-23,自然搜索,
1262,南昌,33.0,男,普通,2024-03-18,,2026-03-29,分享链接,备注27
1263,南昌,47.0,未知,普通,2025-01-24,,2026-03-15,未知,
1264,南昌,38.0,男,普通,2024-01-09,,2026-02-22,分享链接,
1265,深圳,51.0,男,普通,2025-01-28,,,广告,
1266,深圳,19.0,男,普通,2024-08-02,,2026-02-11,自然搜索,
1267,南昌,20.0,男,普通,2025-03-10,,2026-02-07,未知,
1268,南昌,37.0,男,普通,2024-08-30,,2026-03-28,自然搜索,
1269,南昌,62.0,男,普通,2023-09-11,,2026-02-26,自然搜索,
1270,南昌,61.0,女,普通,2023-08-11,,2026-02-22,广告,
1271,南昌,27.0,女,黄金,2023-04-09,,2026-02-14,直接访问,
1272,南昌,64.0,男,普通,2023-08-09,12345678901,2026-02-07,未知,
1273,南昌,49.0,男,黄金,2024-03-16,,2026-04-04,广告,
1274,深圳,31.0,女,普通,2024-02-19,,2026-02-17,分享链接,
1276,南昌,49.0,女,黄金,2024-04-26,,2026-03-26,广告,
1278,南昌,43.0,女,黄金,2025-02-27,,2026-03-29,分享链接,
1281,南昌,27.0,女,普通,2024-12-26,,2026-02-21,直接访问,
1282,南昌,63.0,男,铂金,2025-01-25,,2026-03-06,直接访问,
1283,南昌,54.0,女,普通,2024-04-08,,2026-03-15,广告,
1284,南昌,65.0,男,普通,2023-05-29,,2026-03-09,分享链接,备注66
1285,南昌,61.0,男,普通,2024-11-29,,2026-03-31,分享链接,
1286,南昌,40.0,男,普通,2023-04-07,,2026-03-07,直接访问,
1287,南昌,64.0,女,黄金,2025-01-22,,2026-02-19,自然搜索,备注75
1288,南昌,42.0,女,普通,2023-11-22,,2026-02-18,直接访问,
1289,南昌,39.0,女,普通,2023-09-16,,2026-04-04,广告,
1290,南昌,31.0,女,普通,2023-10-12,,2026-03-05,未知,
1291,深圳,63.0,男,普通,2025-03-02,,2026-02-09,直接访问,备注23
1292,深圳,42.0,女,普通,2024-11-21,,2026-03-06,未知,
1293,南昌,39.0,男,普通,2023-07-20,,,自然搜索,备注60
1294,深圳,20.0,男,普通,2024-07-02,,2026-02-13,分享链接,备注27
1295,深圳,31.0,女,普通,2024-04-08,,2026-03-23,自然搜索,
1296,深圳,64.0,男,普通,2025-03-03,,2026-03-11,自然搜索,
1297,南昌,32.0,女,黄金,2023-08-30,,2026-02-20,未知,
1298,南昌,19.0,男,普通,2023-07-30,,2026-02-25,未知,
1299,南昌,23.0,男,普通,2023-05-17,,2026-02-22,自然搜索,
1300,深圳,48.0,女,普通,2023-09-12,,2026-03-30,分享链接,
1301,南昌,46.0,女,黄金,2024-06-15,,2026-03-14,分享链接,
1302,深圳,60.0,男,普通,2024-11-04,,2026-03-07,广告,
1303,南昌,31.0,女,普通,2024-03-02,,2026-03-29,自然搜索,
1304,深圳,64.0,未知,铂金,2024-05-30,,2026-03-09,自然搜索,
1305,南昌,49.0,女,铂金,2023-06-23,,2026-02-14,广告,
1307,深圳,34.0,女,黄金,2024-05-10,,2026-03-04,未知,
1308,深圳,56.0,男,普通,2024-07-23,,2026-03-03,未知,
1309,深圳,36.0,男,普通,2024-07-15,,,广告,
1310,深圳,40.0,女,黄金,2023-06-22,,2026-03-17,自然搜索,
1312,深圳,24.0,男,普通,2025-01-04,,2026-02-22,未知,
1314,南昌,40.0,男,普通,2024-07-09,,2026-02-12,广告,
1315,深圳,51.0,女,普通,2024-12-19,,2026-03-05,自然搜索,
1316,深圳,42.0,男,黄金,2023-06-16,,2026-02-27,广告,
1317,南昌,36.0,女,普通,2024-12-20,,2026-03-31,自然搜索,
1318,未知,45.0,未知,黄金,2023-09-14,,2026-03-01,广告,
1319,深圳,40.0,未知,普通,2023-11-10,,2026-02-20,直接访问,
1320,南昌,58.0,女,普通,2024-06-30,,2026-02-21,未知,
1321,深圳,56.0,男,普通,2024-06-18,,2026-02-14,直接访问,
1322,深圳,42.0,女,黄金,2024-07-04,,2026-02-17,直接访问,备注38
1323,未知,42.0,女,普通,2024-11-06,,2026-03-12,自然搜索,
1324,南昌,27.0,未知,黄金,2025-01-07,,2026-03-28,自然搜索,
1325,南昌,55.0,女,普通,2023-04-22,,2026-03-02,广告,
1326,南昌,25.0,男,普通,2023-05-10,,2026-03-07,未知,
1327,深圳,61.0,女,普通,2024-11-27,,2026-03-25,广告,
1328,南昌,42.0,男,普通,2024-03-28,,2026-03-12,自然搜索,
1329,深圳,63.0,女,黄金,2024-09-06,,2026-02-22,自然搜索,
1330,南昌,34.0,男,普通,2024-04-07,,2026-02-25,直接访问,
1332,深圳,56.0,女,黄金,2023-10-18,,2026-03-20,广告,
1333,南昌,49.0,男,普通,2024-08-15,,2026-03-11,未知,
1334,深圳,47.0,未知,普通,2024-02-20,,2026-03-08,直接访问,备注18
1335,南昌,29.0,男,黄金,2024-02-06,,2026-04-05,分享链接,
1338,深圳,53.0,女,普通,2023-08-28,,2026-03-03,直接访问,
1339,南昌,53.0,男,普通,2025-01-22,,2026-02-26,未知,
1340,深圳,19.0,未知,普通,2025-04-06,,,自然搜索,备注68
1342,南昌,30.0,女,黄金,2024-03-06,,2026-02-15,直接访问,
1343,深圳,57.0,女,普通,2024-02-08,,2026-03-09,未知,
1344,深圳,20.0,女,普通,2023-12-03,,2026-03-24,广告,
1345,深圳,40.0,女,普通,2023-07-13,,2026-02-19,广告,
1346,南昌,28.0,男,普通,2024-02-24,,2026-03-06,未知,
1347,南昌,52.0,女,普通,2023-07-31,,2026-04-05,直接访问,
1348,深圳,38.0,男,普通,2023-08-20,,2026-02-10,广告,备注26
1349,深圳,39.0,男,黄金,2025-02-11,12345678901,2026-03-06,未知,
1350,深圳,37.0,女,普通,2023-10-24,,2026-03-06,未知,
1351,南昌,40.0,男,普通,2023-10-14,,2026-03-11,自然搜索,备注73
1352,南昌,34.0,女,普通,2024-07-26,,2026-03-13,自然搜索,备注55
1353,深圳,42.0,男,黄金,2024-07-05,,2026-04-05,分享链接,备注80
1354,南昌,57.0,未知,普通,2023-05-28,,2026-03-19,自然搜索,
1356,深圳,32.0,未知,黄金,2024-02-22,,2026-03-23,广告,
1357,深圳,53.0,女,普通,2023-10-10,12345678901,2026-03-28,自然搜索,
1358,南昌,21.0,女,普通,2024-04-04,,2026-03-30,分享链接,备注69
1359,南昌,30.0,男,普通,2024-12-27,,,自然搜索,备注16
1360,深圳,34.0,女,黄金,2024-06-09,,2026-04-03,广告,备注4
1361,深圳,41.0,女,黄金,2024-05-01,,2026-02-05,直接访问,
1362,南昌,63.0,男,普通,2024-07-26,,2026-02-28,直接访问,
1363,南昌,26.0,女,黄金,2024-03-30,,2026-03-27,广告,
1364,深圳,22.0,女,黄金,2023-06-24,,2026-03-13,直接访问,备注16
1365,南昌,60.0,女,普通,2025-03-30,,2026-02-06,分享链接,
1366,南昌,63.0,男,普通,2023-07-16,,2026-04-03,分享链接,
1367,南昌,23.0,男,普通,2023-04-12,,2026-02-08,广告,
1368,南昌,22.0,男,普通,2024-02-09,,2026-02-17,直接访问,
1369,南昌,44.0,男,黄金,2024-10-18,,2026-02-10,分享链接,
1370,深圳,46.0,女,普通,2023-09-02,,,广告,
1371,南昌,54.0,女,普通,2023-10-23,,2026-03-28,广告,备注29
1372,南昌,53.0,男,黄金,2023-11-20,,2026-02-13,分享链接,
1373,深圳,60.0,女,普通,2025-02-10,,2026-02-06,广告,
1374,未知,34.0,女,普通,2024-06-12,,2026-02-24,未知,
1375,深圳,60.0,未知,普通,2023-09-24,,2026-03-23,广告,备注86
1376,南昌,26.0,男,普通,2023-11-06,,2026-03-07,分享链接,
1377,深圳,19.0,男,黄金,2024-12-30,,2026-04-03,直接访问,
1378,南昌,26.0,女,黄金,2024-06-21,,2026-03-31,广告,
1379,深圳,29.0,女,普通,2024-02-03,,2026-03-06,自然搜索,
1383,南昌,30.0,男,黄金,2023-12-17,,2026-03-27,自然搜索,
1384,未知,35.0,男,普通,2023-09-19,,2026-03-12,未知,
1385,未知,49.0,男,黄金,2025-01-26,,2026-03-23,直接访问,
1386,深圳,20.0,女,黄金,2024-04-29,,2026-04-05,直接访问,
1387,深圳,64.0,男,黄金,2023-06-30,,2026-02-14,广告,
1388,未知,55.0,男,普通,2024-09-17,,2026-03-31,分享链接,
1389,深圳,24.0,女,黄金,2024-05-28,,2026-03-14,自然搜索,备注48
1390,深圳,64.0,男,普通,2024-07-08,,2026-03-20,未知,
1391,深圳,33.0,女,普通,2023-07-28,,2026-03-09,未知,
1393,南昌,61.0,女,普通,2024-02-19,,2026-03-31,直接访问,
1394,深圳,18.0,女,黄金,2023-06-17,,2026-03-23,分享链接,
1395,南昌,62.0,女,普通,2023-12-23,,2026-03-20,广告,
1396,深圳,47.0,女,普通,2023-08-22,,2026-03-24,分享链接,
1397,南昌,18.0,男,黄金,2023-07-09,,2026-04-01,自然搜索,
1398,南昌,37.0,女,普通,2024-02-10,,,广告,备注30
1399,深圳,57.0,男,普通,2025-01-11,,2026-02-18,自然搜索,
1400,南昌,51.0,男,普通,2024-12-17,,2026-04-01,直接访问,
1401,深圳,60.0,女,普通,2024-04-03,,2026-02-26,自然搜索,
1402,深圳,46.0,男,黄金,2023-04-17,,2026-02-06,未知,
1403,南昌,23.0,女,普通,2024-12-04,,2026-02-25,未知,
1404,深圳,50.0,女,黄金,2024-11-07,,2026-02-20,未知,
1405,深圳,27.0,男,普通,2024-11-17,,2026-02-18,分享链接,
1406,深圳,58.0,男,普通,2024-07-21,,2026-02-24,未知,
1408,南昌,29.0,女,普通,2023-08-09,,2026-03-26,未知,
1411,南昌,47.0,女,普通,2025-03-26,,2026-02-27,分享链接,
1412,南昌,65.0,男,普通,2024-04-09,,2026-02-13,直接访问,
1413,南昌,39.0,女,普通,2024-11-12,,2026-03-31,直接访问,
1414,南昌,37.0,女,铂金,2024-01-11,,2026-03-30,自然搜索,备注65
1415,南昌,42.0,女,普通,2025-03-10,,2026-03-28,自然搜索,
1417,深圳,64.0,女,普通,2025-03-16,,2026-03-07,未知,
1418,未知,27.0,男,普通,2023-04-28,,2026-02-12,直接访问,
1419,深圳,22.0,女,普通,2025-01-10,,2026-02-27,分享链接,
1420,深圳,23.0,女,普通,2023-05-05,,2026-02-27,直接访问,
1421,南昌,58.0,女,黄金,2023-09-02,,2026-03-21,未知,
1423,深圳,20.0,女,黄金,2023-08-14,,2026-02-25,分享链接,
1424,南昌,36.0,女,普通,2024-06-24,,2026-03-27,直接访问,
1426,深圳,51.0,女,普通,2024-08-31,,2026-03-20,直接访问,备注21
1427,南昌,51.0,男,普通,2024-06-15,,2026-03-31,直接访问,
1428,南昌,47.0,男,普通,2023-05-02,,2026-02-11,自然搜索,
1430,南昌,38.0,女,普通,2024-06-29,,2026-03-30,分享链接,备注75
1431,深圳,29.0,男,普通,2023-10-31,,2026-02-22,分享链接,备注22
1432,南昌,49.0,女,普通,2023-07-01,,2026-03-18,分享链接,
1434,南昌,19.0,女,普通,2024-04-09,,,未知,
1435,深圳,24.0,女,黄金,2024-03-22,,2026-02-17,未知,
1436,深圳,27.0,女,铂金,2023-11-12,,2026-03-25,直接访问,
1437,深圳,36.0,男,普通,2023-05-08,,2026-03-23,直接访问,备注17
1438,南昌,35.0,女,普通,2024-03-27,,2026-02-26,广告,
1439,深圳,39.0,男,铂金,2024-01-10,,2026-03-22,直接访问,
1441,深圳,48.0,男,普通,2023-09-15,,2026-02-25,广告,备注60
1442,南昌,26.0,男,普通,2024-04-23,,2026-03-26,直接访问,
1443,南昌,44.0,男,普通,2023-09-10,,2026-02-20,分享链接,
1444,南昌,22.0,女,普通,2025-03-07,,2026-04-05,广告,备注94
1445,南昌,21.0,女,普通,2024-04-23,,2026-03-08,广告,备注51
1446,深圳,26.0,女,普通,2023-05-01,,2026-03-12,分享链接,
1447,南昌,36.0,女,铂金,2023-09-11,,2026-02-23,直接访问,
1448,深圳,23.0,男,普通,2023-12-28,,2026-02-05,分享链接,备注57
1449,深圳,36.0,未知,普通,2024-01-05,,2026-03-29,广告,
1450,南昌,27.0,男,普通,2023-08-26,,2026-02-14,自然搜索,备注43
1451,南昌,56.0,男,普通,2024-07-29,,2026-02-26,直接访问,备注57
1452,南昌,20.0,男,铂金,2024-08-04,,2026-02-22,直接访问,
1453,深圳,23.0,女,黄金,2024-07-19,,2026-03-05,未知,
1454,南昌,64.0,女,普通,2025-01-12,,,自然搜索,
1455,南昌,35.0,女,普通,2025-01-24,,2026-03-22,未知,
1456,深圳,59.0,女,普通,2024-01-19,,2026-03-17,分享链接,备注24
1457,深圳,42.0,女,普通,2023-12-14,,2026-02-12,未知,
1458,深圳,35.0,未知,普通,2024-01-20,,2026-03-31,分享链接,
1459,南昌,33.0,男,普通,2024-07-11,,2026-03-14,广告,
1460,南昌,44.0,女,黄金,2023-12-30,,2026-02-08,广告,
1461,深圳,65.0,女,普通,2024-05-07,,2026-03-17,直接访问,
1462,南昌,61.0,女,普通,2023-08-11,,2026-02-25,分享链接,备注95
1463,南昌,30.0,女,铂金,2024-03-28,,,直接访问,
1464,南昌,61.0,男,黄金,2023-05-18,,2026-02-07,广告,
1465,深圳,40.0,女,黄金,2024-07-28,,2026-02-14,广告,
1466,南昌,24.0,男,普通,2024-11-25,,2026-03-08,分享链接,
1467,深圳,24.0,男,普通,2023-05-08,,2026-02-05,自然搜索,
1468,南昌,54.0,男,黄金,2024-05-03,,2026-03-22,直接访问,备注89
1469,南昌,40.0,女,黄金,2024-10-03,,2026-02-11,分享链接,
1470,南昌,36.0,男,普通,2024-07-22,,2026-03-07,未知,
1471,深圳,38.0,男,普通,2024-03-21,,2026-02-22,直接访问,
1472,深圳,45.0,女,黄金,2024-02-08,,2026-03-18,直接访问,
1473,深圳,51.0,男,黄金,2023-12-17,,2026-02-28,分享链接,备注53
1475,南昌,26.0,女,普通,2024-05-27,,2026-03-29,自然搜索,
1477,深圳,43.0,男,普通,2024-05-23,,2026-03-10,未知,
1478,深圳,19.0,女,普通,2023-12-05,,2026-02-08,直接访问,备注92
1479,南昌,21.0,女,普通,2023-06-23,,2026-04-02,直接访问,备注51
1480,深圳,65.0,女,黄金,2023-07-28,,2026-03-22,分享链接,
1481,南昌,33.0,男,普通,2023-12-13,,2026-02-08,广告,
1482,南昌,24.0,女,普通,2024-03-30,,2026-03-05,自然搜索,
1483,深圳,20.0,男,黄金,2024-12-27,,2026-03-12,分享链接,备注28
1484,南昌,37.0,女,黄金,2024-12-11,,2026-03-28,直接访问,
1485,南昌,21.0,男,黄金,2023-09-26,,2026-02-26,广告,
1486,南昌,65.0,男,普通,2025-02-22,,2026-03-12,直接访问,
1487,南昌,50.0,女,普通,2024-11-19,,2026-03-24,未知,
1488,南昌,32.0,男,黄金,2024-04-25,,2026-04-04,直接访问,
1489,深圳,28.0,女,普通,2024-07-24,,2026-03-04,广告,
1490,南昌,28.0,女,铂金,2023-09-23,,2026-03-13,自然搜索,
1491,南昌,45.0,女,普通,2025-03-07,,2026-03-19,未知,
1492,深圳,50.0,男,普通,2024-07-20,,2026-04-02,自然搜索,
1493,深圳,39.0,女,普通,2023-08-17,,2026-03-15,自然搜索,备注62
1494,深圳,20.0,男,普通,2024-08-14,,2026-02-23,广告,
1495,深圳,41.0,女,普通,2024-09-24,,2026-03-09,广告,
1496,深圳,36.0,女,普通,2024-02-29,,2026-03-27,直接访问,
1497,南昌,37.0,女,普通,2024-07-29,,2026-03-26,未知,
1498,南昌,47.0,未知,普通,2023-06-08,,2026-02-28,分享链接,
1499,南昌,52.0,男,黄金,2024-03-27,,2026-02-08,未知,备注23
1500,南昌,59.0,女,黄金,2025-04-04,,2026-02-07,广告,
1501,南昌,65.0,男,普通,2024-06-03,,,直接访问,
1502,南昌,42.0,女,普通,2024-11-07,,2026-03-14,未知,
1503,南昌,26.0,男,普通,2024-09-27,,2026-02-08,自然搜索,
1504,深圳,20.0,女,黄金,2023-12-30,,,直接访问,
1505,南昌,52.0,男,普通,2024-05-12,,2026-03-22,自然搜索,
1506,深圳,56.0,男,普通,2024-12-25,,2026-02-26,分享链接,
1508,未知,23.0,男,普通,2024-10-19,,2026-03-14,未知,
1509,深圳,28.0,男,普通,2025-02-27,,2026-03-26,广告,备注96
1510,深圳,55.0,男,普通,2024-10-27,,2026-03-20,未知,备注73
1511,南昌,42.0,女,普通,2025-01-05,,2026-02-19,广告,
1512,深圳,33.0,女,普通,2025-03-15,,2026-03-03,直接访问,
1513,南昌,40.0,男,黄金,2023-07-19,,2026-03-03,分享链接,
1514,深圳,42.0,男,铂金,2023-09-18,,2026-03-07,广告,备注44
1515,深圳,40.0,女,普通,2024-12-14,,2026-03-16,分享链接,
1516,南昌,33.0,男,黄金,2023-06-06,,2026-03-09,自然搜索,
1517,南昌,25.0,女,普通,2024-02-01,,2026-03-09,未知,
1518,南昌,60.0,未知,黄金,2024-09-07,,2026-02-08,未知,备注39
1519,深圳,42.0,女,普通,2024-05-20,,2026-03-13,广告,
1520,深圳,41.0,女,黄金,2023-11-24,,2026-02-23,分享链接,备注96
1522,深圳,29.0,女,黄金,2024-09-12,,2026-03-04,自然搜索,
1523,南昌,41.0,女,普通,2024-06-02,,2026-03-10,自然搜索,备注10
1524,深圳,30.0,女,铂金,2023-07-25,,2026-03-03,直接访问,
1525,深圳,23.0,男,普通,2024-07-14,,,自然搜索,
1526,南昌,42.0,男,普通,2024-07-31,,2026-03-10,广告,
1527,深圳,41.0,女,黄金,2024-06-05,,2026-03-25,直接访问,
1528,深圳,38.0,男,黄金,2023-04-30,,2026-03-02,自然搜索,
1529,深圳,44.0,男,普通,2025-01-31,,2026-03-11,广告,
1530,深圳,50.0,男,铂金,2024-04-27,,2026-02-21,直接访问,
1531,深圳,19.0,女,普通,2024-12-17,,,广告,
1532,深圳,47.0,男,黄金,2023-07-09,,2026-02-06,自然搜索,
1533,深圳,44.0,男,黄金,2024-02-08,,2026-03-28,未知,
1534,深圳,65.0,女,黄金,2025-01-18,,2026-02-18,直接访问,
1535,南昌,54.0,女,黄金,2025-03-22,,2026-03-10,自然搜索,
1536,南昌,46.0,男,普通,2023-09-21,,2026-04-04,广告,
1537,深圳,42.0,女,普通,2024-04-16,,2026-03-08,广告,
1538,深圳,18.0,女,普通,2024-08-03,,2026-03-28,未知,备注55
1539,深圳,35.0,男,普通,2025-01-04,,2026-02-05,自然搜索,
1540,深圳,46.0,男,黄金,2023-08-29,,2026-03-12,直接访问,
1541,南昌,18.0,男,普通,2024-10-09,,2026-02-28,分享链接,
1542,深圳,65.0,男,普通,2023-09-29,,2026-02-15,分享链接,
1544,深圳,53.0,男,黄金,2024-02-07,,2026-03-08,直接访问,备注64
1545,南昌,60.0,男,黄金,2024-01-08,,2026-03-05,未知,
1546,南昌,56.0,男,普通,2024-02-17,,2026-02-18,分享链接,备注39
1547,南昌,38.0,女,铂金,2024-12-12,,2026-03-07,直接访问,
1548,南昌,21.0,男,普通,2025-01-27,,2026-03-17,分享链接,
1549,南昌,54.0,女,黄金,2023-12-31,,2026-02-09,分享链接,
1550,南昌,52.0,男,铂金,2024-11-09,,2026-02-13,广告,备注28
1551,南昌,53.0,女,黄金,2024-02-08,,2026-02-20,广告,
1552,南昌,43.0,男,普通,2024-04-02,,2026-04-02,广告,
1553,南昌,28.0,女,普通,2024-05-26,,2026-03-31,广告,
1554,深圳,42.0,女,普通,2024-06-05,,2026-03-03,未知,
1556,深圳,58.0,男,黄金,2025-03-02,,2026-02-11,分享链接,
1557,南昌,39.0,女,黄金,2024-12-21,,2026-03-18,直接访问,
1558,深圳,60.0,男,黄金,2024-05-22,,2026-03-09,分享链接,
1560,深圳,24.0,女,普通,2025-01-14,,2026-04-05,广告,
1561,南昌,59.0,女,黄金,2024-12-04,,2026-02-06,未知,
1562,深圳,33.0,男,黄金,2024-02-25,,2026-03-23,未知,
1563,深圳,19.0,男,黄金,2024-02-10,,2026-03-15,未知,
1564,南昌,47.0,男,普通,2024-07-17,,2026-03-14,直接访问,
1565,深圳,51.0,女,普通,2024-02-17,,2026-03-12,自然搜索,
1566,深圳,27.0,未知,普通,2023-11-10,,2026-03-29,直接访问,
1567,深圳,46.0,女,普通,2023-05-25,,2026-03-21,直接访问,
1568,南昌,32.0,未知,黄金,2024-11-19,,2026-03-18,自然搜索,
1569,深圳,37.0,女,普通,2023-12-19,,2026-02-25,自然搜索,
1570,南昌,41.0,女,普通,2023-07-22,,2026-04-02,未知,备注3
1571,南昌,49.0,女,黄金,2023-04-07,,2026-03-04,直接访问,
1572,深圳,25.0,未知,普通,2024-02-02,,2026-03-26,直接访问,
1573,深圳,28.0,男,普通,2023-04-25,,2026-03-23,自然搜索,
1574,深圳,19.0,男,黄金,2024-12-30,,2026-03-29,自然搜索,
1575,南昌,56.0,女,普通,2024-05-03,,2026-02-10,未知,
1576,深圳,38.0,女,普通,2023-09-11,,2026-02-27,自然搜索,
1577,深圳,53.0,女,普通,2023-04-20,,2026-02-05,广告,
1578,南昌,42.0,男,普通,2023-12-02,,2026-02-08,直接访问,
1579,深圳,45.0,女,普通,2024-10-27,,2026-02-09,广告,备注57
1580,未知,37.0,男,铂金,2023-11-01,,2026-02-23,自然搜索,
1581,南昌,24.0,女,普通,2025-01-30,12345678901,2026-02-09,广告,
1583,南昌,22.0,男,普通,2024-01-08,,2026-04-04,直接访问,
1584,深圳,18.0,男,普通,2024-07-07,,2026-03-27,直接访问,
1585,南昌,29.0,女,普通,2023-08-14,,2026-03-25,直接访问,备注35
1586,深圳,39.0,男,黄金,2024-12-13,,2026-02-13,广告,
1587,深圳,46.0,未知,普通,2023-10-14,,2026-02-22,分享链接,
1588,深圳,59.0,男,黄金,2023-07-31,,,自然搜索,
1589,深圳,19.0,男,黄金,2024-04-24,,2026-03-30,直接访问,
1591,深圳,62.0,男,普通,2024-07-30,,2026-02-09,未知,
1592,深圳,57.0,男,铂金,2024-06-13,,2026-04-04,直接访问,备注35
1593,深圳,24.0,女,普通,2024-03-31,,2026-04-03,未知,
1594,深圳,61.0,女,铂金,2024-01-19,,2026-03-10,未知,
1595,深圳,34.0,男,黄金,2024-04-24,,2026-04-04,直接访问,
1596,南昌,42.0,女,普通,2024-12-30,,2026-02-22,直接访问,备注74
1597,深圳,49.0,女,黄金,2024-12-28,,2026-02-14,自然搜索,
1598,深圳,40.0,男,黄金,2024-09-02,,2026-03-13,直接访问,
1599,未知,60.0,女,普通,2024-01-20,,2026-03-25,自然搜索,
1600,深圳,62.0,男,普通,2023-12-07,,2026-02-20,广告,
1601,深圳,59.0,男,铂金,2024-02-02,,2026-03-09,广告,
1602,南昌,54.0,女,普通,2025-01-30,,2026-03-05,未知,
1603,南昌,55.0,女,铂金,2023-05-12,,2026-03-20,广告,
1604,深圳,43.0,男,普通,2023-08-19,,2026-03-06,广告,
1605,深圳,59.0,女,黄金,2023-10-26,,2026-02-09,分享链接,
1606,深圳,45.0,女,普通,2024-11-24,,2026-03-31,分享链接,
1607,南昌,61.0,男,普通,2023-08-05,,2026-03-11,直接访问,备注53
1608,深圳,35.0,男,黄金,2024-03-25,,2026-02-08,分享链接,
1609,深圳,38.0,女,黄金,2024-10-08,,2026-02-20,未知,
1610,南昌,54.0,女,黄金,2025-02-26,,2026-02-05,自然搜索,
1611,南昌,21.0,女,铂金,2025-02-09,,2026-03-26,直接访问,备注21
1612,深圳,52.0,女,普通,2023-08-17,,2026-02-20,未知,备注50
1613,南昌,63.0,女,普通,2023-04-25,,2026-03-09,未知,备注37
1614,深圳,62.0,男,普通,2023-08-11,,2026-03-13,广告,
1615,深圳,45.0,男,普通,2024-08-21,,2026-02-26,直接访问,
1616,深圳,37.0,女,普通,2023-05-07,,2026-03-11,分享链接,备注45
1617,深圳,59.0,未知,普通,2023-05-11,,2026-02-18,未知,备注49
1618,深圳,36.0,女,普通,2024-06-27,,2026-04-01,分享链接,
1619,深圳,58.0,女,普通,2024-06-14,,2026-04-05,分享链接,
1620,南昌,59.0,男,普通,2024-08-08,,2026-03-05,广告,
1621,深圳,51.0,女,普通,2023-06-06,,2026-03-21,未知,
1622,深圳,48.0,女,普通,2023-12-27,,2026-02-09,未知,备注29
1624,深圳,26.0,男,黄金,2024-02-15,,2026-02-13,广告,
1625,南昌,18.0,女,普通,2023-09-19,,2026-02-12,未知,
1627,未知,32.0,男,普通,2024-03-07,,2026-03-01,直接访问,
1628,深圳,63.0,女,铂金,2023-11-17,,2026-03-23,未知,备注5
1629,南昌,30.0,女,普通,2024-12-18,,2026-03-01,广告,
1630,南昌,32.0,女,黄金,2025-03-01,,2026-03-09,直接访问,
1631,深圳,44.0,女,普通,2024-01-03,,2026-03-18,自然搜索,
1635,南昌,51.0,男,黄金,2023-05-24,,2026-02-27,未知,
1636,深圳,28.0,男,黄金,2025-02-13,,2026-02-06,未知,
1637,南昌,52.0,男,普通,2024-07-22,,2026-03-08,直接访问,
1638,南昌,28.0,女,黄金,2023-11-23,,2026-02-23,未知,
1639,深圳,59.0,女,普通,2024-10-12,,2026-03-13,广告,
1640,深圳,50.0,男,黄金,2024-03-25,,2026-03-09,广告,
1641,南昌,56.0,女,普通,2024-02-05,,2026-03-18,自然搜索,
1643,南昌,58.0,男,普通,2023-11-08,,2026-03-17,自然搜索,
1644,南昌,24.0,男,普通,2024-02-12,,2026-02-10,分享链接,
1645,深圳,47.0,男,普通,2025-01-22,,2026-02-23,直接访问,备注83
1646,南昌,42.0,男,黄金,2024-01-02,,2026-02-22,自然搜索,
1647,深圳,18.0,女,普通,2023-11-11,,2026-02-06,自然搜索,
1649,深圳,53.0,男,黄金,2024-07-30,,2026-03-05,自然搜索,
1650,南昌,42.0,女,普通,2024-02-03,,,广告,
1651,深圳,35.0,男,普通,2025-02-12,,2026-02-12,分享链接,备注58
1652,南昌,42.0,男,黄金,2024-09-06,,2026-02-10,分享链接,
1653,深圳,23.0,女,普通,2025-02-07,,2026-02-11,分享链接,
1655,深圳,33.0,女,普通,2025-01-11,,2026-02-06,广告,
1656,未知,28.0,女,普通,2024-03-05,,2026-03-24,自然搜索,
1657,深圳,55.0,女,普通,2023-05-26,,2026-03-10,广告,
1659,深圳,23.0,男,普通,2023-04-07,,2026-03-03,未知,
1660,南昌,64.0,男,铂金,2025-01-01,,2026-02-06,广告,
1661,深圳,63.0,男,普通,2024-05-16,,2026-03-12,自然搜索,
1662,南昌,26.0,男,黄金,2025-01-07,,2026-03-06,未知,
1663,深圳,19.0,男,黄金,2024-06-13,,2026-02-16,广告,
1664,南昌,34.0,女,普通,2024-06-29,,2026-04-02,广告,
1665,深圳,62.0,男,铂金,2025-01-30,,,自然搜索,
1666,深圳,62.0,女,铂金,2023-05-17,,2026-02-11,分享链接,
1667,南昌,51.0,男,黄金,2024-06-26,,2026-02-26,直接访问,
1668,深圳,41.0,男,黄金,2025-02-16,,2026-03-31,自然搜索,
1669,深圳,19.0,女,普通,2024-04-09,,2026-02-06,未知,
1670,深圳,27.0,男,普通,2024-10-12,,2026-02-07,未知,
1671,南昌,30.0,男,黄金,2024-05-01,,2026-04-05,广告,
1672,深圳,29.0,男,普通,2023-11-15,,2026-04-05,未知,
1673,未知,48.0,女,普通,2024-11-11,,2026-02-17,未知,
1674,南昌,60.0,女,普通,2023-07-05,,2026-02-24,自然搜索,
1676,深圳,42.0,女,黄金,2023-10-15,,2026-02-17,未知,
1677,南昌,57.0,男,普通,2024-01-03,,2026-03-08,广告,
1678,南昌,60.0,女,普通,2024-01-12,,2026-03-01,自然搜索,
1679,南昌,29.0,男,普通,2023-10-07,,2026-03-18,自然搜索,
1680,南昌,20.0,男,普通,2023-05-29,,2026-02-17,广告,
1681,南昌,30.0,男,普通,2024-08-29,,2026-03-13,未知,
1682,南昌,35.0,女,普通,2024-11-07,,2026-02-06,直接访问,
1683,南昌,28.0,男,普通,2025-03-14,,2026-03-09,分享链接,备注58
1684,南昌,46.0,男,普通,2023-06-25,,2026-03-11,直接访问,
1685,南昌,42.0,男,普通,2025-03-03,,2026-03-20,自然搜索,备注2
1686,未知,19.0,女,普通,2024-09-02,,2026-02-09,分享链接,
1687,深圳,23.0,男,黄金,2023-11-04,,2026-04-04,分享链接,
1688,南昌,22.0,女,普通,2023-11-28,,2026-03-06,自然搜索,
1689,深圳,50.0,女,普通,2023-06-17,,2026-02-14,广告,备注81
1690,深圳,63.0,男,普通,2025-01-02,,2026-02-16,未知,
1691,南昌,36.0,女,黄金,2024-02-25,,2026-02-10,广告,
1692,深圳,26.0,女,普通,2024-02-22,,2026-02-22,未知,
1693,深圳,18.0,女,黄金,2023-07-03,,2026-02-06,自然搜索,
1695,深圳,35.0,女,黄金,2024-03-03,,2026-02-07,分享链接,备注100
1696,未知,48.0,女,黄金,2024-03-04,,,直接访问,备注79
1697,南昌,45.0,女,普通,2024-06-18,,2026-03-07,未知,
1698,南昌,36.0,男,普通,2024-04-30,,2026-03-06,广告,
1699,南昌,56.0,女,普通,2024-09-05,,2026-04-04,未知,
1700,深圳,55.0,未知,黄金,2024-01-20,,2026-02-06,未知,
1701,南昌,37.0,女,普通,2024-10-29,,,广告,备注73
1702,南昌,56.0,女,黄金,2024-06-13,,2026-03-06,广告,
1703,深圳,42.0,男,普通,2023-12-29,,2026-03-27,分享链接,备注84
1704,南昌,27.0,女,普通,2023-05-26,,2026-03-05,未知,
1705,南昌,46.0,男,黄金,2024-10-01,,,自然搜索,
1706,未知,54.0,女,黄金,2024-10-04,,2026-03-13,广告,备注85
1707,南昌,50.0,女,普通,2023-12-05,,,自然搜索,备注89
1709,深圳,44.0,男,普通,2025-03-22,,2026-03-16,自然搜索,备注35
1710,南昌,48.0,男,普通,2024-05-18,,2026-03-24,分享链接,
1711,深圳,56.0,男,普通,2024-03-17,,2026-02-22,未知,
1712,深圳,34.0,男,普通,2023-09-13,,,广告,
1713,深圳,38.0,女,普通,2024-06-25,,2026-04-01,分享链接,备注30
1714,深圳,29.0,女,铂金,2024-07-20,,2026-04-05,自然搜索,
1715,深圳,41.0,男,普通,2024-03-02,,2026-03-31,直接访问,
1717,南昌,18.0,男,普通,2023-07-09,,2026-02-13,分享链接,备注89
1718,深圳,52.0,男,黄金,2024-11-25,,2026-02-09,广告,
1719,深圳,47.0,女,黄金,2024-05-16,,2026-02-17,广告,
1720,南昌,33.0,女,普通,2024-11-06,,2026-02-05,直接访问,备注84
1721,深圳,52.0,女,黄金,2024-01-15,,2026-02-13,分享链接,备注92
1723,深圳,30.0,未知,普通,2024-12-06,,2026-03-05,分享链接,
1724,南昌,18.0,女,普通,2023-10-05,,2026-03-01,未知,
1726,南昌,62.0,女,黄金,2023-10-31,,2026-03-24,直接访问,备注57
1727,深圳,25.0,男,普通,2023-10-06,,2026-02-20,广告,
1728,深圳,56.0,女,普通,2023-09-28,,2026-03-10,广告,
1729,南昌,18.0,男,普通,2024-08-04,,,分享链接,
1730,深圳,45.0,女,普通,2025-02-22,,2026-03-05,广告,
1731,南昌,20.0,男,黄金,2023-12-18,,2026-02-08,直接访问,备注52
1733,南昌,22.0,男,普通,2023-12-26,,2026-02-06,分享链接,备注34
1734,深圳,20.0,女,普通,2024-05-16,,2026-03-09,直接访问,
1736,深圳,58.0,女,普通,2024-12-05,,2026-03-05,未知,
1737,南昌,57.0,女,普通,2024-01-11,,2026-02-26,未知,
1738,深圳,39.0,女,黄金,2023-09-09,,2026-03-19,自然搜索,
1739,未知,34.0,男,铂金,2023-10-04,,2026-03-20,直接访问,
1740,南昌,45.0,男,普通,2025-02-12,,,直接访问,
1741,南昌,44.0,女,普通,2023-07-27,,2026-03-17,分享链接,备注93
1742,南昌,51.0,女,黄金,2023-06-10,,2026-02-15,广告,
1743,深圳,43.0,男,普通,2023-05-12,,2026-03-10,分享链接,
1744,深圳,34.0,女,普通,2023-05-05,,2026-03-13,未知,备注25
1745,深圳,56.0,女,普通,2025-01-25,,2026-03-21,广告,
1746,深圳,36.0,男,普通,2023-11-13,,2026-02-14,未知,
1747,南昌,18.0,男,普通,2024-10-11,,2026-03-04,分享链接,备注61
1748,南昌,29.0,男,普通,2025-01-06,,2026-02-06,分享链接,
1749,深圳,50.0,女,普通,2024-05-05,,2026-03-26,自然搜索,
1750,南昌,58.0,男,普通,2023-08-18,,2026-02-18,自然搜索,
1751,深圳,29.0,男,黄金,2024-09-11,,2026-02-14,广告,
1752,深圳,39.0,男,黄金,2023-09-05,,2026-02-19,未知,
1753,南昌,19.0,女,黄金,2024-06-20,,2026-02-15,广告,
1754,深圳,39.0,男,普通,2024-04-02,,2026-03-14,未知,
1755,深圳,42.0,未知,普通,2023-06-09,,2026-03-10,广告,
1756,深圳,49.0,女,普通,2023-08-26,,2026-03-31,自然搜索,
1757,深圳,31.0,男,普通,2024-12-28,,2026-02-16,直接访问,
1758,南昌,18.0,男,普通,2024-01-01,,2026-03-31,自然搜索,
1759,南昌,45.0,男,普通,2024-03-20,,2026-03-21,分享链接,备注99
1760,南昌,41.0,女,普通,2024-02-27,,2026-03-16,未知,
1761,南昌,21.0,女,普通,2023-04-18,12345678901,2026-02-11,直接访问,备注43
1762,深圳,18.0,女,普通,2025-01-25,,2026-02-11,自然搜索,
1763,南昌,47.0,男,普通,2023-05-10,,2026-03-12,自然搜索,
1764,深圳,27.0,男,普通,2023-12-13,,2026-03-02,直接访问,备注58
1765,南昌,32.0,未知,普通,2024-05-09,,2026-03-16,直接访问,
1766,南昌,52.0,男,黄金,2023-06-19,,2026-03-26,广告,
1767,深圳,48.0,男,普通,2024-03-29,,2026-02-18,分享链接,
1768,深圳,52.0,男,普通,2023-09-11,,2026-03-09,自然搜索,
1769,南昌,36.0,男,黄金,2024-12-22,,2026-03-03,分享链接,
1770,南昌,59.0,女,普通,2025-02-05,,2026-03-27,分享链接,
1771,深圳,59.0,女,黄金,2024-10-03,,2026-03-27,直接访问,备注63
1772,深圳,42.0,女,普通,2023-06-02,,2026-03-16,分享链接,
1773,南昌,41.0,男,普通,2024-07-26,,2026-03-26,分享链接,
1774,南昌,33.0,男,普通,2023-08-26,,2026-03-20,分享链接,
1775,南昌,37.0,男,普通,2024-10-25,,2026-03-26,分享链接,备注60
1777,深圳,46.0,女,黄金,2024-01-31,,2026-03-25,未知,备注71
1778,南昌,63.0,男,黄金,2023-12-30,,2026-03-26,广告,
1779,南昌,44.0,女,普通,2024-12-03,,2026-04-01,自然搜索,备注85
1780,南昌,27.0,男,铂金,2025-03-22,,2026-03-15,直接访问,备注41
1781,深圳,22.0,女,普通,2025-04-05,,2026-02-26,广告,备注27
1782,南昌,44.0,女,黄金,2024-07-02,,2026-03-22,自然搜索,
1783,南昌,32.0,女,普通,2023-11-24,,2026-03-06,分享链接,
1784,南昌,28.0,女,普通,2024-11-23,,2026-03-16,未知,
1785,南昌,57.0,男,普通,2024-11-24,,2026-04-04,自然搜索,
1787,南昌,49.0,女,黄金,2023-04-07,,2026-03-10,广告,
1788,深圳,54.0,男,普通,2024-04-25,,2026-03-06,分享链接,
1789,深圳,61.0,女,普通,2023-05-31,,,自然搜索,
1790,南昌,61.0,女,普通,2024-08-03,,2026-02-17,分享链接,
1791,南昌,56.0,未知,普通,2023-08-01,,2026-02-17,未知,备注50
1792,深圳,40.0,女,黄金,2023-05-18,,,自然搜索,
1793,深圳,19.0,女,普通,2024-06-08,,2026-03-13,分享链接,
1794,南昌,42.0,男,黄金,2024-05-19,,,未知,备注34
1795,南昌,45.0,女,普通,2024-01-12,,2026-03-31,广告,
1796,深圳,29.0,女,普通,2024-12-29,,2026-02-25,广告,
1797,深圳,24.0,未知,黄金,2023-08-16,,2026-03-06,直接访问,
1798,深圳,39.0,女,普通,2024-05-28,,2026-03-29,自然搜索,
1800,南昌,39.0,女,黄金,2025-02-11,,2026-02-23,自然搜索,
1801,深圳,55.0,女,普通,2023-04-14,,2026-03-21,自然搜索,
1802,深圳,41.0,女,普通,2024-03-16,,2026-02-22,自然搜索,
1803,深圳,24.0,女,普通,2024-01-03,,2026-02-13,自然搜索,
1804,南昌,35.0,男,普通,2023-12-20,,2026-02-13,直接访问,
1805,南昌,42.0,女,铂金,2024-07-19,,2026-02-05,广告,
1807,南昌,21.0,女,普通,2023-05-20,,2026-04-03,未知,
1808,深圳,23.0,男,普通,2024-11-02,,2026-02-23,自然搜索,
1809,深圳,64.0,女,普通,2023-12-07,,2026-02-20,未知,
1810,未知,30.0,男,黄金,2023-12-09,,2026-02-21,分享链接,
1811,深圳,33.0,女,普通,2024-01-08,,2026-03-03,自然搜索,
1812,南昌,33.0,女,黄金,2024-10-10,,2026-03-17,未知,
1813,南昌,61.0,男,普通,2025-03-07,,2026-03-30,广告,
1814,深圳,53.0,女,普通,2023-09-15,,2026-02-21,分享链接,
1815,深圳,55.0,女,普通,2024-07-23,,2026-03-15,直接访问,
1816,深圳,62.0,女,普通,2023-10-29,,2026-03-19,分享链接,
1817,深圳,21.0,女,普通,2023-09-16,,,未知,备注93
1819,南昌,57.0,男,黄金,2025-02-22,,2026-03-01,自然搜索,备注88
1820,深圳,18.0,女,普通,2023-12-03,,2026-03-10,自然搜索,
1821,南昌,43.0,未知,普通,2023-12-19,,2026-03-13,分享链接,
1822,未知,35.0,男,普通,2024-10-27,,2026-03-16,未知,
1823,深圳,30.0,男,普通,2024-03-03,,2026-03-18,分享链接,
1824,南昌,30.0,女,普通,2025-02-24,,2026-03-03,广告,
1825,深圳,21.0,男,普通,2023-07-26,,2026-03-10,直接访问,
1826,南昌,19.0,女,黄金,2023-07-07,,2026-03-29,广告,
1827,深圳,51.0,女,普通,2024-08-12,,2026-03-18,分享链接,
1828,深圳,42.0,女,黄金,2025-02-03,,2026-03-29,分享链接,
1829,未知,28.0,男,普通,2024-12-10,,2026-03-06,直接访问,
1831,深圳,42.0,男,普通,2025-03-27,,2026-03-11,分享链接,备注36
1832,深圳,42.0,女,铂金,2023-09-08,,2026-02-25,广告,备注65
1833,南昌,61.0,男,黄金,2024-04-08,,2026-03-16,广告,备注2
1834,南昌,58.0,女,普通,2025-01-01,,2026-04-04,自然搜索,
1835,深圳,42.0,男,黄金,2025-02-11,,2026-03-28,广告,
1836,深圳,41.0,男,黄金,2023-09-30,,2026-03-04,未知,
1837,南昌,31.0,女,普通,2024-11-29,,2026-02-10,自然搜索,
1838,南昌,35.0,女,普通,2024-04-17,,2026-02-25,分享链接,
1839,深圳,33.0,男,普通,2023-08-05,,2026-02-18,广告,
1841,深圳,39.0,女,铂金,2024-11-06,,2026-02-15,分享链接,
1842,未知,23.0,女,普通,2023-10-12,,2026-02-18,未知,
1845,南昌,36.0,男,黄金,2023-11-17,,2026-03-02,未知,
1846,未知,42.0,男,普通,2023-06-12,,2026-04-04,直接访问,
1847,南昌,44.0,男,普通,2024-09-21,,,直接访问,
1848,南昌,39.0,男,普通,2024-03-10,,2026-03-05,广告,
1849,深圳,65.0,女,普通,2024-01-22,,2026-04-02,直接访问,
1850,深圳,52.0,男,普通,2024-07-03,,2026-03-22,直接访问,
1853,深圳,63.0,女,黄金,2023-10-13,,2026-03-25,直接访问,备注88
1854,南昌,21.0,女,铂金,2025-03-24,,2026-03-22,自然搜索,
1856,南昌,18.0,女,普通,2024-05-27,,2026-03-25,分享链接,
1857,深圳,54.0,女,黄金,2024-03-20,,2026-03-14,自然搜索,
1858,南昌,24.0,女,黄金,2023-06-10,,2026-02-15,未知,
1859,南昌,61.0,男,普通,2023-04-25,,2026-03-24,分享链接,备注27
1860,深圳,21.0,女,黄金,2024-06-19,,2026-03-21,自然搜索,
1862,南昌,29.0,男,黄金,2024-02-29,,2026-02-10,广告,
1863,深圳,39.0,男,普通,2024-12-21,,2026-02-08,直接访问,
1864,南昌,44.0,女,普通,2024-10-05,,2026-03-18,未知,
1865,南昌,41.0,女,普通,2024-12-18,,2026-02-11,未知,
1866,深圳,36.0,男,普通,2024-01-09,,2026-03-18,分享链接,
1868,深圳,44.0,女,普通,2024-03-08,,2026-02-15,未知,
1869,未知,18.0,男,普通,2023-12-03,,2026-03-09,未知,
1870,南昌,55.0,女,普通,2023-04-24,,2026-02-12,广告,
1871,深圳,33.0,男,普通,2023-06-24,,2026-02-17,广告,备注47
1872,深圳,27.0,男,黄金,2024-12-28,,2026-03-31,分享链接,
1873,南昌,61.0,女,普通,2023-06-02,,2026-03-01,未知,备注61
1874,深圳,51.0,女,普通,2024-10-10,,2026-02-22,自然搜索,
1875,南昌,49.0,男,黄金,2023-05-05,,2026-02-18,自然搜索,
1876,南昌,31.0,男,普通,2024-06-18,,2026-02-15,直接访问,
1877,深圳,28.0,女,普通,2025-02-10,,2026-02-11,直接访问,
1878,深圳,61.0,男,黄金,2024-10-28,,2026-02-10,直接访问,
1879,深圳,40.0,女,铂金,2024-01-26,,,自然搜索,
1880,深圳,39.0,男,黄金,2023-06-26,,2026-03-24,直接访问,
1881,深圳,22.0,女,普通,2024-03-30,,2026-02-25,未知,
1882,深圳,23.0,男,普通,2024-09-20,,2026-03-22,直接访问,
1883,深圳,31.0,女,普通,2024-09-01,,2026-03-24,自然搜索,
1885,深圳,38.0,男,普通,2023-10-24,,2026-02-19,广告,
1886,南昌,29.0,女,普通,2024-10-05,,2026-02-20,自然搜索,
1887,深圳,20.0,男,普通,2023-11-27,,2026-03-11,分享链接,
1888,南昌,53.0,女,普通,2024-04-03,,,分享链接,
1889,南昌,27.0,男,黄金,2025-03-01,,,分享链接,
1890,南昌,58.0,女,普通,2024-02-03,,2026-04-01,未知,
1891,南昌,46.0,女,普通,2023-11-23,,2026-03-18,自然搜索,
1893,南昌,62.0,男,黄金,2024-12-24,,2026-03-30,广告,备注28
1894,深圳,25.0,男,铂金,2023-08-07,,2026-02-26,广告,
1895,深圳,39.0,女,黄金,2024-10-23,,2026-03-18,自然搜索,备注69
1896,深圳,41.0,男,普通,2025-02-25,,2026-02-18,广告,
1897,南昌,55.0,女,黄金,2023-12-28,,2026-03-25,广告,备注29
1899,深圳,28.0,男,铂金,2024-01-09,,2026-02-25,广告,
1900,深圳,30.0,男,普通,2024-03-29,,2026-02-28,分享链接,
1902,深圳,37.0,女,黄金,2023-07-12,,2026-02-09,自然搜索,
1903,南昌,41.0,女,普通,2024-03-26,,2026-02-05,未知,备注7
1904,深圳,20.0,女,普通,2024-09-15,,2026-02-20,广告,
1905,深圳,25.0,男,黄金,2025-03-07,,2026-03-08,未知,
1906,深圳,28.0,男,普通,2023-12-22,,2026-02-24,分享链接,备注14
1907,深圳,55.0,男,普通,2025-02-02,,,直接访问,
1909,深圳,45.0,女,普通,2025-01-23,,2026-02-18,广告,备注61
1910,南昌,42.0,女,铂金,2023-04-11,,2026-02-23,直接访问,备注2
1911,深圳,38.0,男,普通,2024-09-27,,2026-02-14,自然搜索,
1912,南昌,32.0,女,普通,2023-08-19,,2026-02-11,未知,
1913,南昌,59.0,女,普通,2024-07-17,,2026-03-02,直接访问,
1914,深圳,53.0,男,普通,2023-09-05,,2026-03-22,直接访问,
1915,南昌,50.0,男,普通,2024-04-04,,2026-03-21,直接访问,
1916,深圳,19.0,男,铂金,2024-03-12,,,广告,
1919,南昌,44.0,男,黄金,2023-08-17,,2026-03-03,分享链接,
1920,南昌,35.0,男,黄金,2025-03-14,,2026-02-22,广告,备注80
1921,南昌,43.0,未知,普通,2023-09-16,,2026-03-05,分享链接,
1923,深圳,43.0,未知,普通,2023-10-22,,2026-02-26,自然搜索,
1924,深圳,63.0,女,普通,2024-10-16,,2026-04-04,广告,
1925,深圳,39.0,男,普通,2024-02-21,,2026-03-02,自然搜索,
1926,深圳,58.0,女,黄金,2024-01-11,,2026-03-08,直接访问,
1927,南昌,29.0,男,普通,2023-11-25,,2026-02-17,自然搜索,备注78
1929,南昌,42.0,女,普通,2023-07-25,,2026-03-24,自然搜索,
1930,南昌,36.0,女,铂金,2023-04-10,,2026-02-17,分享链接,
1931,南昌,49.0,男,普通,2024-04-13,,2026-03-17,广告,
1932,南昌,61.0,男,普通,2025-04-06,,2026-02-17,分享链接,
1933,深圳,59.0,女,铂金,2024-07-21,,2026-03-04,广告,备注34
1934,深圳,39.0,男,黄金,2025-02-04,,,自然搜索,
1935,南昌,61.0,男,黄金,2024-01-26,,2026-03-06,自然搜索,
1936,南昌,60.0,男,黄金,2023-06-16,,2026-03-15,分享链接,
1937,南昌,41.0,女,黄金,2023-05-05,,2026-03-08,自然搜索,
1938,深圳,40.0,男,铂金,2025-01-27,,2026-02-18,广告,备注67
1939,深圳,51.0,女,普通,2023-12-16,,2026-03-17,直接访问,
1940,南昌,46.0,女,普通,2023-12-17,,2026-02-17,直接访问,
1942,深圳,43.0,男,普通,2023-07-01,,2026-03-03,未知,
1943,深圳,41.0,男,铂金,2025-03-11,,2026-02-09,自然搜索,备注45
1945,深圳,18.0,女,黄金,2024-10-09,,2026-02-22,未知,
1946,深圳,32.0,女,普通,2024-03-24,,2026-03-04,广告,
1947,深圳,37.0,女,黄金,2023-05-30,,2026-02-09,未知,
1948,南昌,23.0,男,普通,2023-07-01,,2026-03-29,自然搜索,
1949,未知,64.0,男,黄金,2025-02-24,,2026-04-02,直接访问,
1950,南昌,19.0,未知,黄金,2023-10-21,,2026-02-15,广告,
1951,深圳,33.0,女,普通,2024-12-05,,2026-02-11,未知,
1952,未知,33.0,男,普通,2025-03-19,,2026-04-05,自然搜索,
1953,南昌,44.0,未知,普通,2024-09-18,,2026-03-24,自然搜索,
1954,深圳,65.0,女,铂金,2023-06-14,,2026-03-15,分享链接,
1955,深圳,31.0,女,普通,2024-01-01,,2026-03-21,未知,
1956,深圳,43.0,男,黄金,2023-11-04,,,未知,
1957,南昌,52.0,女,黄金,2023-09-27,,2026-03-23,直接访问,
1958,南昌,42.0,女,黄金,2025-02-02,,2026-02-17,自然搜索,
1959,深圳,42.0,男,普通,2024-05-30,,2026-03-16,广告,
1960,深圳,45.0,女,普通,2023-09-07,,2026-02-13,直接访问,
1961,深圳,32.0,男,黄金,2023-05-14,,2026-02-19,广告,
1962,南昌,55.0,女,黄金,2024-07-29,,2026-03-26,广告,备注3
1963,深圳,59.0,男,铂金,2025-03-24,,2026-03-08,直接访问,
1964,未知,29.0,男,黄金,2024-04-13,,2026-02-14,分享链接,
1965,南昌,26.0,女,普通,2023-12-02,,2026-02-15,自然搜索,
1966,深圳,37.0,女,普通,2024-03-31,,,自然搜索,
1967,深圳,37.0,女,黄金,2025-03-09,,2026-02-28,直接访问,
1968,深圳,65.0,女,普通,2024-05-28,,2026-03-24,广告,
1969,南昌,24.0,女,普通,2024-09-30,,2026-02-06,广告,
1970,深圳,25.0,男,普通,2023-12-11,,2026-02-27,分享链接,备注15
1971,深圳,47.0,男,普通,2023-10-26,,2026-02-17,未知,备注58
1972,深圳,53.0,男,普通,2025-01-29,,2026-02-15,未知,
1973,深圳,46.0,男,普通,2024-02-25,,2026-02-23,广告,
1974,深圳,46.0,女,普通,2024-08-01,,2026-02-14,分享链接,
1975,深圳,46.0,男,黄金,2024-01-10,,2026-03-20,自然搜索,
1976,深圳,24.0,女,黄金,2024-04-21,,2026-02-23,直接访问,
1977,深圳,37.0,男,普通,2025-04-03,,2026-03-10,自然搜索,
1978,南昌,41.0,未知,铂金,2024-04-21,,2026-03-12,自然搜索,
1979,深圳,51.0,女,普通,2024-12-22,,2026-02-21,广告,
1980,深圳,20.0,女,铂金,2023-04-24,,2026-03-14,广告,
1981,南昌,29.0,女,铂金,2025-02-19,,2026-03-11,直接访问,备注22
1982,深圳,42.0,女,黄金,2024-01-01,,2026-02-27,广告,备注68
1983,南昌,47.0,男,黄金,2024-08-02,,2026-03-11,分享链接,
1984,深圳,30.0,女,普通,2023-05-21,,2026-02-23,分享链接,
1985,南昌,34.0,女,普通,2025-03-04,,,未知,
1986,南昌,55.0,未知,黄金,2024-09-28,,2026-02-21,直接访问,
1987,南昌,36.0,男,黄金,2023-09-25,,2026-02-09,分享链接,备注67
1988,南昌,18.0,男,黄金,2024-09-19,,2026-04-04,未知,备注62
1990,南昌,36.0,男,普通,2023-05-06,,2026-02-18,广告,备注94
1991,南昌,37.0,未知,黄金,2023-07-15,,2026-04-02,分享链接,
1992,深圳,46.0,女,普通,2023-07-30,,2026-04-02,自然搜索,
1993,南昌,29.0,女,普通,2023-04-18,,2026-03-09,直接访问,备注1
1994,深圳,38.0,女,普通,2023-05-11,,2026-03-11,分享链接,备注7
1995,南昌,62.0,女,黄金,2024-02-01,,2026-03-25,广告,
1996,深圳,54.0,女,黄金,2024-07-05,,2026-02-16,分享链接,
1997,南昌,29.0,男,普通,2023-12-02,,2026-02-22,广告,
1999,南昌,34.0,男,黄金,2023-06-22,,,未知,
2000,深圳,53.0,男,铂金,2023-09-14,,2026-02-06,分享链接,
2001,深圳,31.0,女,普通,2024-03-07,,2026-03-31,广告,
2002,南昌,41.0,男,普通,2024-06-01,,2026-03-09,广告,
2003,南昌,46.0,女,黄金,2023-11-20,,2026-03-27,分享链接,
2004,深圳,38.0,女,普通,2023-09-30,,2026-03-10,未知,
2005,南昌,40.0,男,普通,2024-08-26,,2026-03-05,未知,
2006,深圳,40.0,女,普通,2023-12-16,,2026-03-11,广告,
2007,深圳,45.0,男,普通,2024-09-19,,2026-03-10,广告,
2008,深圳,51.0,女,普通,2024-06-04,,2026-03-07,直接访问,
2009,深圳,20.0,女,黄金,2025-03-17,,2026-02-22,自然搜索,
2010,深圳,24.0,女,普通,2024-06-23,,2026-04-02,未知,
2011,南昌,18.0,女,普通,2024-01-11,,2026-03-04,广告,
2012,未知,49.0,女,铂金,2024-03-11,,2026-03-01,广告,
2013,深圳,20.0,男,黄金,2024-07-11,,2026-02-23,广告,备注91
2014,深圳,64.0,男,普通,2025-03-20,,2026-02-12,自然搜索,
2015,南昌,33.0,男,铂金,2023-05-16,,2026-02-07,自然搜索,
2016,深圳,46.0,女,铂金,2025-03-20,,2026-03-16,自然搜索,
2017,南昌,57.0,女,黄金,2024-08-08,,2026-03-16,广告,备注38
2018,南昌,62.0,女,黄金,2023-09-14,,2026-03-17,直接访问,
2019,未知,41.0,女,普通,2023-06-09,,,广告,
2020,南昌,32.0,男,普通,2023-08-04,,2026-03-05,未知,
2021,南昌,19.0,男,普通,2023-07-09,,2026-02-19,分享链接,
2022,深圳,40.0,男,普通,2023-08-03,,2026-02-28,分享链接,备注10
2023,深圳,31.0,女,黄金,2024-10-09,,2026-02-22,分享链接,
2024,南昌,53.0,女,普通,2023-08-20,,2026-03-07,自然搜索,
2025,深圳,57.0,女,普通,2024-06-04,,2026-02-16,直接访问,
2027,南昌,56.0,女,黄金,2023-09-25,,2026-03-14,广告,备注98
2028,深圳,53.0,女,铂金,2023-09-23,,2026-03-09,自然搜索,
2029,南昌,21.0,男,铂金,2023-06-26,,2026-02-21,分享链接,
2030,南昌,63.0,男,铂金,2024-09-27,,2026-02-19,分享链接,
2031,南昌,54.0,女,黄金,2024-01-09,,2026-03-26,未知,
